timestamp,symbol,signal,price_at_signal,price_twd,confidence,rsi,sentiment,ctx_phase,ctx_season,ctx_mtf_score,ctx_fg_trend,ctx_dxy_trend,price_after_1h,price_after_4h,price_after_24h,pnl_1h_pct,pnl_4h_pct,pnl_24h_pct,verified
2026-01-31 12:00:00,BTC/USDT,SELL,82762.000000,2598726.80,0.62,13.3,20.0,RECOVERY,BTC_SEASON,-1,FALLING,UNKNOWN,82767.990000,,,-0.0001,,,true
2026-01-31 16:00:00,BTC/USDT,SELL,80365.040000,2523462.26,0.62,2.5,20.0,RECOVERY,BTC_SEASON,-1,FALLING,UNKNOWN,78893.920000,,,0.0183,,,true
2026-02-01 16:00:00,BTC/USDT,SELL,77494.770000,2433335.78,0.62,32.5,14.0,RECOVERY,BTC_SEASON,-1,FLAT,UNKNOWN,77745.320000,,,-0.0032,,,true
2026-02-01 20:00:00,BTC/USDT,SELL,77103.040000,2421035.46,0.62,37.2,14.0,RECOVERY,BTC_SEASON,-1,FLAT,UNKNOWN,76526.030000,,,0.0075,,,true
2026-02-02 04:00:00,BTC/USDT,SELL,75894.150000,2383076.31,0.62,31.4,14.0,RECOVERY,BTC_SEASON,-1,FALLING,UNKNOWN,75502.100000,,,0.0052,,,true
2026-02-03 00:00:00,BTC/USDT,BUY,79065.240000,2482648.54,0.62,66.2,17.0,RECOVERY,BTC_SEASON,1,FLAT,UNKNOWN,79017.630000,,,-0.0006,,,true
2026-02-04 16:00:00,BTC/USDT,SELL,73636.010000,2312170.71,0.62,28.4,14.0,RECOVERY,BTC_SEASON,-1,FLAT,UNKNOWN,72576.080000,,,0.0144,,,true
2026-02-05 00:00:00,BTC/USDT,SELL,72868.020000,2288055.83,0.62,27.7,12.0,RECOVERY,BTC_SEASON,-1,FALLING,UNKNOWN,72421.260000,,,0.0061,,,true
2026-02-05 04:00:00,BTC/USDT,SELL,70888.080000,2225885.71,0.62,26.6,12.0,RECOVERY,BTC_SEASON,-1,FALLING,UNKNOWN,70732.720000,,,0.0022,,,true
2026-02-05 12:00:00,BTC/USDT,SELL,69563.570000,2184296.10,0.62,26.2,12.0,RECOVERY,BTC_SEASON,-1,FALLING,UNKNOWN,69688.940000,,,-0.0018,,,true
2026-02-05 20:00:00,BTC/USDT,SELL,63775.670000,2002556.04,0.62,17.3,12.0,RECOVERY,BTC_SEASON,-1,FALLING,UNKNOWN,63213.340000,,,0.0088,,,true
2026-02-06 16:00:00,BTC/USDT,BUY,69954.010000,2196555.91,0.62,75.2,9.0,RECOVERY,BTC_SEASON,1,FALLING,UNKNOWN,70753.530000,,,0.0114,,,true
2026-02-07 16:00:00,BTC/USDT,SELL,68957.160000,2165254.82,0.62,39.3,6.0,RECOVERY,BTC_SEASON,-1,FALLING,UNKNOWN,69188.810000,,,-0.0034,,,true
2026-02-08 04:00:00,BTC/USDT,BUY,69340.160000,2177281.02,0.62,61.9,7.0,RECOVERY,BTC_SEASON,1,FLAT,UNKNOWN,69220.520000,,,-0.0017,,,true
2026-02-08 08:00:00,BTC/USDT,BUY,70665.590000,2218899.53,0.62,67.8,7.0,RECOVERY,BTC_SEASON,1,FLAT,UNKNOWN,70107.190000,,,-0.0079,,,true
2026-02-08 12:00:00,BTC/USDT,BUY,71249.950000,2237248.43,0.62,71.5,7.0,RECOVERY,BTC_SEASON,1,FLAT,UNKNOWN,71514.770000,,,0.0037,,,true
2026-02-09 08:00:00,BTC/USDT,SELL,69873.990000,2194043.29,0.62,36.9,14.0,RECOVERY,BTC_SEASON,-1,RISING,UNKNOWN,69630.350000,,,0.0035,,,true
2026-02-11 08:00:00,BTC/USDT,SELL,66981.070000,2103205.60,0.62,24.6,11.0,RECOVERY,BTC_SEASON,-1,FLAT,UNKNOWN,66872.030000,,,0.0016,,,true
2026-02-11 16:00:00,BTC/USDT,SELL,66039.090000,2073627.43,0.62,23.1,11.0,RECOVERY,BTC_SEASON,-1,FLAT,UNKNOWN,66518.260000,,,-0.0073,,,true
2026-02-12 20:00:00,BTC/USDT,SELL,65428.560000,2054456.78,0.62,34.6,5.0,RECOVERY,BTC_SEASON,-1,FALLING,UNKNOWN,65849.870000,,,-0.0064,,,true
2026-02-13 16:00:00,BTC/USDT,BUY,68954.690000,2165177.27,0.62,80.6,9.0,RECOVERY,BTC_SEASON,1,FLAT,UNKNOWN,69047.990000,,,0.0014,,,true
2026-02-14 00:00:00,BTC/USDT,BUY,69090.240000,2169433.54,0.62,82.2,9.0,BEAR,BTC_SEASON,1,RISING,UNKNOWN,68964.510000,,,-0.0018,,,true
2026-02-14 08:00:00,BTC/USDT,BUY,69746.200000,2190030.68,0.62,62.7,9.0,BEAR,BTC_SEASON,1,RISING,UNKNOWN,69714.930000,,,-0.0004,,,true
2026-02-14 20:00:00,BTC/USDT,BUY,70023.090000,2198725.03,0.62,66.0,9.0,BEAR,BTC_SEASON,1,RISING,UNKNOWN,69935.860000,,,-0.0012,,,true
2026-02-15 04:00:00,BTC/USDT,BUY,70183.990000,2203777.29,0.62,64.2,8.0,BEAR,BTC_SEASON,1,FLAT,UNKNOWN,70267.610000,,,0.0012,,,true
2026-02-16 12:00:00,BTC/USDT,BUY,69763.240000,2190565.74,0.62,60.9,12.0,BEAR,BTC_SEASON,1,FLAT,UNKNOWN,68395.100000,,,-0.0196,,,true
2026-02-20 08:00:00,BTC/USDT,BUY,67879.990000,2131431.69,0.62,75.9,7.0,BEAR,BTC_SEASON,1,FLAT,UNKNOWN,68218.850000,,,0.0050,,,true
2026-02-22 08:00:00,BTC/USDT,SELL,67950.100000,2133633.14,0.62,32.5,9.0,BEAR,BTC_SEASON,-1,FLAT,UNKNOWN,68053.320000,,,-0.0015,,,true
2026-02-22 20:00:00,BTC/USDT,SELL,67401.740000,2116414.64,0.62,31.8,9.0,BEAR,BTC_SEASON,-1,FLAT,UNKNOWN,67612.660000,,,-0.0031,,,true
2026-02-23 00:00:00,BTC/USDT,SELL,66740.470000,2095650.76,0.62,24.0,5.0,RECOVERY,BTC_SEASON,-1,FLAT,UNKNOWN,64427.650000,,,0.0347,,,true
2026-02-23 04:00:00,BTC/USDT,SELL,64808.310000,2034980.93,0.62,22.2,5.0,RECOVERY,BTC_SEASON,-1,FLAT,UNKNOWN,65070.900000,,,-0.0041,,,true
2026-02-24 04:00:00,BTC/USDT,SELL,63378.840000,1990095.58,0.62,18.0,8.0,RECOVERY,BTC_SEASON,-1,FLAT,UNKNOWN,63104.790000,,,0.0043,,,true
2026-02-24 12:00:00,BTC/USDT,SELL,62969.050000,1977228.17,0.62,20.9,8.0,RECOVERY,BTC_SEASON,-1,FLAT,UNKNOWN,62900.000000,,,0.0011,,,true
2026-02-24 20:00:00,BTC/USDT,BUY,64472.900000,2024449.06,0.62,77.4,8.0,RECOVERY,BTC_SEASON,1,FLAT,UNKNOWN,64042.660000,,,-0.0067,,,true
2026-02-25 04:00:00,BTC/USDT,BUY,65457.990000,2055380.89,0.62,74.5,11.0,BEAR,BTC_SEASON,1,RISING,UNKNOWN,64882.760000,,,-0.0088,,,true
2026-02-25 08:00:00,BTC/USDT,BUY,65530.490000,2057657.39,0.62,62.9,11.0,BEAR,BTC_SEASON,1,RISING,UNKNOWN,65558.710000,,,0.0004,,,true
2026-02-25 12:00:00,BTC/USDT,BUY,66068.940000,2074564.72,0.62,71.4,11.0,BEAR,BTC_SEASON,1,RISING,UNKNOWN,66248.620000,,,0.0027,,,true
2026-02-25 16:00:00,BTC/USDT,BUY,68297.350000,2144536.79,0.62,74.8,11.0,BEAR,BTC_SEASON,1,RISING,UNKNOWN,68674.200000,,,0.0055,,,true
2026-02-25 20:00:00,BTC/USDT,BUY,69148.690000,2171268.87,0.62,91.3,11.0,BEAR,BTC_SEASON,1,RISING,UNKNOWN,68919.720000,,,-0.0033,,,true
2026-02-26 04:00:00,BTC/USDT,BUY,68571.360000,2153140.70,0.62,66.8,11.0,BEAR,BTC_SEASON,1,FLAT,UNKNOWN,68443.810000,,,-0.0019,,,true
2026-02-26 16:00:00,BTC/USDT,SELL,66643.550000,2092607.47,0.62,30.3,11.0,BEAR,BTC_SEASON,-1,FLAT,UNKNOWN,66826.800000,,,-0.0027,,,true
2026-02-27 00:00:00,BTC/USDT,SELL,67226.500000,2110912.10,0.62,34.7,13.0,BEAR,BTC_SEASON,-1,FLAT,UNKNOWN,67352.260000,,,-0.0019,,,true
2026-02-27 08:00:00,BTC/USDT,BUY,67926.240000,2132883.94,0.62,65.3,13.0,BEAR,BTC_SEASON,1,FLAT,UNKNOWN,67355.730000,,,-0.0084,,,true
2026-02-27 12:00:00,BTC/USDT,SELL,65928.010000,2070139.51,0.62,25.8,13.0,BEAR,BTC_SEASON,-1,FLAT,UNKNOWN,66270.550000,,,-0.0052,,,true
2026-02-27 16:00:00,BTC/USDT,SELL,65475.210000,2055921.59,0.62,29.6,13.0,BEAR,BTC_SEASON,-1,FLAT,UNKNOWN,65703.190000,,,-0.0035,,,true
2026-02-28 08:00:00,BTC/USDT,SELL,63473.280000,1993060.99,0.62,30.9,11.0,BEAR,BTC_SEASON,-1,FLAT,UNKNOWN,63658.540000,,,-0.0029,,,true
2026-02-28 20:00:00,BTC/USDT,BUY,66959.620000,2102532.07,0.62,80.6,11.0,BEAR,BTC_SEASON,1,FLAT,UNKNOWN,66723.220000,,,-0.0035,,,true
2026-03-01 16:00:00,BTC/USDT,SELL,66135.450000,2076653.13,0.62,27.5,14.0,BEAR,BTC_SEASON,-1,FLAT,UNKNOWN,65979.610000,,,0.0024,,,true
2026-03-01 20:00:00,BTC/USDT,SELL,65300.000000,2050420.00,0.62,30.3,14.0,BEAR,BTC_SEASON,-1,FLAT,UNKNOWN,65666.200000,,,-0.0056,,,true
2026-03-02 16:00:00,BTC/USDT,BUY,69428.620000,2180058.67,0.62,72.7,10.0,BEAR,BTC_SEASON,1,FLAT,UNKNOWN,69198.000000,,,-0.0033,,,true
2026-01-31 04:00:00,ETH/USDT,SELL,2695.660000,84643.72,0.62,37.3,20.0,RECOVERY,MIXED,-1,FALLING,UNKNOWN,2698.050000,,,-0.0009,,,true
2026-01-31 08:00:00,ETH/USDT,SELL,2644.030000,83022.54,0.62,21.3,20.0,RECOVERY,MIXED,-1,FALLING,UNKNOWN,2648.350000,,,-0.0016,,,true
2026-01-31 12:00:00,ETH/USDT,SELL,2633.550000,82693.47,0.62,12.0,20.0,RECOVERY,MIXED,-1,FALLING,UNKNOWN,2629.140000,,,0.0017,,,true
2026-01-31 16:00:00,ETH/USDT,SELL,2482.710000,77957.09,0.62,4.2,20.0,RECOVERY,MIXED,-1,FALLING,UNKNOWN,2403.390000,,,0.0319,,,true
2026-01-31 20:00:00,ETH/USDT,SELL,2382.610000,74813.95,0.62,2.9,20.0,RECOVERY,MIXED,-1,FALLING,UNKNOWN,2419.600000,,,-0.0155,,,true
2026-02-01 16:00:00,ETH/USDT,SELL,2304.060000,72347.48,0.62,21.2,14.0,RECOVERY,MIXED,-1,FLAT,UNKNOWN,2313.960000,,,-0.0043,,,true
2026-02-03 00:00:00,ETH/USDT,BUY,2353.980000,73914.97,0.62,70.5,17.0,RECOVERY,MIXED,1,FLAT,UNKNOWN,2354.680000,,,0.0003,,,true
2026-02-04 16:00:00,ETH/USDT,SELL,2135.050000,67040.57,0.62,23.1,14.0,RECOVERY,MIXED,-1,FLAT,UNKNOWN,2126.070000,,,0.0042,,,true
2026-02-05 04:00:00,ETH/USDT,SELL,2104.030000,66066.54,0.62,36.5,12.0,RECOVERY,MIXED,-1,FALLING,UNKNOWN,2101.420000,,,0.0012,,,true
2026-02-05 12:00:00,ETH/USDT,SELL,2063.990000,64809.29,0.62,36.4,12.0,RECOVERY,MIXED,-1,FALLING,UNKNOWN,2058.640000,,,0.0026,,,true
2026-02-05 20:00:00,ETH/USDT,SELL,1869.590000,58705.13,0.62,21.7,12.0,RECOVERY,MIXED,-1,FALLING,UNKNOWN,1850.480000,,,0.0102,,,true
2026-02-06 16:00:00,ETH/USDT,BUY,2036.170000,63935.74,0.62,68.3,9.0,RECOVERY,MIXED,1,FALLING,UNKNOWN,2067.010000,,,0.0151,,,true
2026-02-07 04:00:00,ETH/USDT,BUY,2087.400000,65544.36,0.62,72.2,6.0,RECOVERY,MIXED,1,FALLING,UNKNOWN,2083.790000,,,-0.0017,,,true
2026-02-07 20:00:00,ETH/USDT,BUY,2105.320000,66107.05,0.62,65.2,6.0,RECOVERY,MIXED,1,FALLING,UNKNOWN,2100.420000,,,-0.0023,,,true
2026-02-09 08:00:00,ETH/USDT,SELL,2050.070000,64372.20,0.62,34.6,14.0,RECOVERY,MIXED,-1,RISING,UNKNOWN,2042.270000,,,0.0038,,,true
2026-02-11 04:00:00,ETH/USDT,SELL,1971.390000,61901.65,0.62,37.2,11.0,RECOVERY,MIXED,-1,FLAT,UNKNOWN,1974.450000,,,-0.0016,,,true
2026-02-11 08:00:00,ETH/USDT,SELL,1950.120000,61233.77,0.62,25.2,11.0,RECOVERY,MIXED,-1,FLAT,UNKNOWN,1947.000000,,,0.0016,,,true
2026-02-11 16:00:00,ETH/USDT,SELL,1915.330000,60141.36,0.62,17.4,11.0,RECOVERY,MIXED,-1,FLAT,UNKNOWN,1929.880000,,,-0.0076,,,true
2026-02-13 16:00:00,ETH/USDT,BUY,2061.430000,64728.90,0.62,85.6,9.0,RECOVERY,MIXED,1,FLAT,UNKNOWN,2059.390000,,,-0.0010,,,true
2026-02-14 00:00:00,ETH/USDT,BUY,2055.200000,64533.28,0.62,84.4,9.0,BEAR,MIXED,1,RISING,UNKNOWN,2054.350000,,,-0.0004,,,true
2026-02-14 08:00:00,ETH/USDT,BUY,2082.350000,65385.79,0.62,66.3,9.0,BEAR,MIXED,1,RISING,UNKNOWN,2078.240000,,,-0.0020,,,true
2026-02-14 20:00:00,ETH/USDT,BUY,2089.820000,65620.35,0.62,65.4,9.0,BEAR,MIXED,1,RISING,UNKNOWN,2085.870000,,,-0.0019,,,true
2026-02-15 12:00:00,ETH/USDT,SELL,2011.000000,63145.40,0.62,23.7,8.0,BEAR,MIXED,-1,FLAT,UNKNOWN,2002.460000,,,0.0042,,,true
2026-02-15 16:00:00,ETH/USDT,SELL,2006.270000,62996.88,0.62,31.3,8.0,BEAR,MIXED,-1,FLAT,UNKNOWN,1971.300000,,,0.0174,,,true
2026-02-16 12:00:00,ETH/USDT,BUY,2006.240000,62995.94,0.62,64.9,12.0,BEAR,MIXED,1,FLAT,UNKNOWN,1967.700000,,,-0.0192,,,true
2026-02-18 04:00:00,ETH/USDT,BUY,1999.150000,62773.31,0.62,69.5,8.0,BEAR,MIXED,1,FALLING,UNKNOWN,1996.490000,,,-0.0013,,,true
2026-02-18 08:00:00,ETH/USDT,BUY,2020.700000,63449.98,0.62,64.0,8.0,BEAR,MIXED,1,FALLING,UNKNOWN,2016.690000,,,-0.0020,,,true
2026-02-18 20:00:00,ETH/USDT,SELL,1939.670000,60905.64,0.62,27.2,8.0,BEAR,MIXED,-1,FALLING,UNKNOWN,1942.000000,,,-0.0012,,,true
2026-02-19 16:00:00,ETH/USDT,SELL,1922.070000,60353.00,0.62,29.5,9.0,BEAR,MIXED,-1,FLAT,UNKNOWN,1920.720000,,,0.0007,,,true
2026-02-22 04:00:00,ETH/USDT,SELL,1973.620000,61971.67,0.62,37.6,9.0,BEAR,MIXED,-1,FLAT,UNKNOWN,1974.970000,,,-0.0007,,,true
2026-02-22 16:00:00,ETH/USDT,SELL,1952.530000,61309.44,0.62,30.7,9.0,BEAR,MIXED,-1,FLAT,UNKNOWN,1940.270000,,,0.0063,,,true
2026-02-22 20:00:00,ETH/USDT,SELL,1940.990000,60947.09,0.62,22.4,9.0,BEAR,MIXED,-1,FLAT,UNKNOWN,1950.390000,,,-0.0048,,,true
2026-02-23 00:00:00,ETH/USDT,SELL,1929.420000,60583.79,0.62,26.7,5.0,RECOVERY,MIXED,-1,FLAT,UNKNOWN,1856.880000,,,0.0376,,,true
2026-02-23 04:00:00,ETH/USDT,SELL,1860.170000,58409.34,0.62,20.2,5.0,RECOVERY,MIXED,-1,FLAT,UNKNOWN,1866.080000,,,-0.0032,,,true
2026-02-24 04:00:00,ETH/USDT,SELL,1830.810000,57487.43,0.62,17.6,8.0,RECOVERY,MIXED,-1,FLAT,UNKNOWN,1826.260000,,,0.0025,,,true
2026-02-24 12:00:00,ETH/USDT,SELL,1823.920000,57271.09,0.62,29.5,8.0,RECOVERY,MIXED,-1,FLAT,UNKNOWN,1815.730000,,,0.0045,,,true
2026-02-25 04:00:00,ETH/USDT,BUY,1906.300000,59857.82,0.62,75.7,11.0,BEAR,MIXED,1,RISING,UNKNOWN,1887.980000,,,-0.0096,,,true
2026-02-25 08:00:00,ETH/USDT,BUY,1910.290000,59983.11,0.62,67.4,11.0,BEAR,MIXED,1,RISING,UNKNOWN,1915.190000,,,0.0026,,,true
2026-02-25 12:00:00,ETH/USDT,BUY,1953.430000,61337.70,0.62,74.8,11.0,BEAR,MIXED,1,RISING,UNKNOWN,1964.570000,,,0.0057,,,true
2026-02-25 16:00:00,ETH/USDT,BUY,2046.330000,64254.76,0.62,80.9,11.0,BEAR,MIXED,1,RISING,UNKNOWN,2073.900000,,,0.0135,,,true
2026-02-25 20:00:00,ETH/USDT,BUY,2075.000000,65155.00,0.62,97.2,11.0,BEAR,ALT_SEASON,1,RISING,UNKNOWN,2100.330000,,,0.0122,,,true
2026-02-26 04:00:00,ETH/USDT,BUY,2075.010000,65155.31,0.62,70.7,11.0,BEAR,ALT_SEASON,1,FLAT,UNKNOWN,2066.130000,,,-0.0043,,,true
2026-02-26 16:00:00,ETH/USDT,SELL,1983.800000,62291.32,0.62,30.8,11.0,BEAR,MIXED,-1,FLAT,UNKNOWN,1988.430000,,,-0.0023,,,true
2026-02-27 00:00:00,ETH/USDT,SELL,2014.790000,63264.41,0.62,36.5,13.0,BEAR,MIXED,-1,FLAT,UNKNOWN,2021.900000,,,-0.0035,,,true
2026-02-27 12:00:00,ETH/USDT,SELL,1959.920000,61541.49,0.62,23.0,13.0,BEAR,MIXED,-1,FLAT,UNKNOWN,1963.350000,,,-0.0018,,,true
2026-02-27 16:00:00,ETH/USDT,SELL,1927.150000,60512.51,0.62,18.5,13.0,BEAR,MIXED,-1,FLAT,UNKNOWN,1932.350000,,,-0.0027,,,true
2026-02-28 08:00:00,ETH/USDT,SELL,1852.480000,58167.87,0.62,29.4,11.0,BEAR,MIXED,-1,FLAT,UNKNOWN,1854.980000,,,-0.0013,,,true
2026-02-28 20:00:00,ETH/USDT,BUY,1965.960000,61731.14,0.62,82.3,11.0,BEAR,MIXED,1,FLAT,UNKNOWN,1957.690000,,,-0.0042,,,true
2026-03-01 20:00:00,ETH/USDT,SELL,1914.260000,60107.76,0.62,28.5,14.0,BEAR,MIXED,-1,FLAT,UNKNOWN,1928.980000,,,-0.0077,,,true
2026-03-02 16:00:00,ETH/USDT,BUY,2064.330000,64819.96,0.62,74.3,10.0,BEAR,ALT_SEASON,1,FLAT,UNKNOWN,2041.010000,,,-0.0113,,,true
2026-03-03 08:00:00,ETH/USDT,SELL,1953.100000,61327.34,0.62,27.5,14.0,BEAR,ALT_SEASON,-1,FLAT,UNKNOWN,1951.580000,,,0.0008,,,true
2026-01-30 16:00:00,SOL/USDT,BUY,117.140000,3678.20,0.62,65.4,16.0,RECOVERY,MIXED,1,FALLING,UNKNOWN,116.640000,,,-0.0043,,,true
2026-01-31 04:00:00,SOL/USDT,BUY,118.440000,3719.02,0.62,68.1,20.0,RECOVERY,MIXED,1,FALLING,UNKNOWN,118.620000,,,0.0015,,,true
2026-01-31 12:00:00,SOL/USDT,SELL,115.190000,3616.97,0.62,34.3,20.0,RECOVERY,MIXED,-1,FALLING,UNKNOWN,114.160000,,,0.0089,,,true
2026-01-31 16:00:00,SOL/USDT,SELL,106.280000,3337.19,0.62,9.8,20.0,RECOVERY,MIXED,-1,FALLING,UNKNOWN,103.310000,,,0.0279,,,true
2026-02-01 20:00:00,SOL/USDT,SELL,101.590000,3189.93,0.62,34.2,14.0,RECOVERY,MIXED,-1,FLAT,UNKNOWN,100.850000,,,0.0073,,,true
2026-02-02 16:00:00,SOL/USDT,BUY,105.000000,3297.00,0.62,71.6,14.0,RECOVERY,MIXED,1,FALLING,UNKNOWN,104.810000,,,-0.0018,,,true
2026-02-04 16:00:00,SOL/USDT,SELL,91.970000,2887.86,0.62,24.2,14.0,RECOVERY,MIXED,-1,FLAT,UNKNOWN,91.440000,,,0.0058,,,true
2026-02-05 00:00:00,SOL/USDT,SELL,91.740000,2880.64,0.62,31.7,12.0,RECOVERY,MIXED,-1,FALLING,UNKNOWN,91.940000,,,-0.0022,,,true
2026-02-05 20:00:00,SOL/USDT,SELL,78.840000,2475.58,0.62,19.4,12.0,RECOVERY,MIXED,-1,FALLING,UNKNOWN,79.000000,,,-0.0020,,,true
2026-02-06 00:00:00,SOL/USDT,SELL,75.510000,2371.01,0.62,11.8,9.0,RECOVERY,MIXED,-1,FALLING,UNKNOWN,79.600000,,,-0.0542,,,true
2026-02-06 16:00:00,SOL/USDT,BUY,86.740000,2723.64,0.62,81.2,9.0,RECOVERY,MIXED,1,FALLING,UNKNOWN,86.730000,,,-0.0001,,,true
2026-02-07 20:00:00,SOL/USDT,BUY,88.910000,2791.77,0.62,68.5,6.0,RECOVERY,MIXED,1,FALLING,UNKNOWN,88.210000,,,-0.0079,,,true
2026-02-09 08:00:00,SOL/USDT,SELL,84.590000,2656.13,0.62,30.5,14.0,RECOVERY,MIXED,-1,RISING,UNKNOWN,84.330000,,,0.0031,,,true
2026-02-10 20:00:00,SOL/USDT,SELL,82.630000,2594.58,0.62,34.5,9.0,RECOVERY,MIXED,-1,FLAT,UNKNOWN,82.460000,,,0.0021,,,true
2026-02-11 04:00:00,SOL/USDT,SELL,81.980000,2574.17,0.62,37.6,11.0,RECOVERY,MIXED,-1,FLAT,UNKNOWN,81.890000,,,0.0011,,,true
2026-02-11 16:00:00,SOL/USDT,SELL,78.740000,2472.44,0.62,17.1,11.0,RECOVERY,MIXED,-1,FLAT,UNKNOWN,79.010000,,,-0.0034,,,true
2026-02-12 20:00:00,SOL/USDT,SELL,76.920000,2415.29,0.62,28.9,5.0,RECOVERY,MIXED,-1,FALLING,UNKNOWN,77.340000,,,-0.0055,,,true
2026-02-13 16:00:00,SOL/USDT,BUY,84.220000,2644.51,0.62,83.7,9.0,RECOVERY,MIXED,1,FLAT,UNKNOWN,84.340000,,,0.0014,,,true
2026-02-13 20:00:00,SOL/USDT,BUY,84.770000,2661.78,0.62,86.6,9.0,RECOVERY,MIXED,1,FLAT,UNKNOWN,84.860000,,,0.0011,,,true
2026-02-14 16:00:00,SOL/USDT,BUY,88.120000,2766.97,0.62,74.4,9.0,BEAR,MIXED,1,RISING,UNKNOWN,88.050000,,,-0.0008,,,true
2026-02-15 00:00:00,SOL/USDT,BUY,88.190000,2769.17,0.62,71.6,8.0,BEAR,MIXED,1,FLAT,UNKNOWN,88.290000,,,0.0011,,,true
2026-02-15 04:00:00,SOL/USDT,BUY,88.790000,2788.01,0.62,72.2,8.0,BEAR,MIXED,1,FLAT,UNKNOWN,89.680000,,,0.0100,,,true
2026-02-18 16:00:00,SOL/USDT,SELL,82.300000,2584.22,0.62,30.3,8.0,BEAR,MIXED,-1,FALLING,UNKNOWN,82.190000,,,0.0013,,,true
2026-02-19 04:00:00,SOL/USDT,SELL,81.490000,2558.79,0.62,37.8,9.0,BEAR,MIXED,-1,FLAT,UNKNOWN,81.900000,,,-0.0050,,,true
2026-02-20 00:00:00,SOL/USDT,BUY,82.900000,2603.06,0.62,62.6,7.0,BEAR,ALT_SEASON,1,FLAT,UNKNOWN,83.030000,,,0.0016,,,true
2026-02-20 08:00:00,SOL/USDT,BUY,83.660000,2626.92,0.62,76.1,7.0,BEAR,MIXED,1,FLAT,UNKNOWN,84.190000,,,0.0063,,,true
2026-02-20 16:00:00,SOL/USDT,BUY,84.510000,2653.61,0.62,61.2,7.0,BEAR,MIXED,1,FLAT,UNKNOWN,84.490000,,,-0.0002,,,true
2026-02-22 08:00:00,SOL/USDT,SELL,84.970000,2668.06,0.62,29.5,9.0,BEAR,MIXED,-1,FLAT,UNKNOWN,85.040000,,,-0.0008,,,true
2026-02-22 12:00:00,SOL/USDT,SELL,84.470000,2652.36,0.62,34.3,9.0,BEAR,MIXED,-1,FLAT,UNKNOWN,83.980000,,,0.0058,,,true
2026-02-22 20:00:00,SOL/USDT,SELL,83.030000,2607.14,0.62,17.6,9.0,BEAR,MIXED,-1,FLAT,UNKNOWN,83.500000,,,-0.0057,,,true
2026-02-23 00:00:00,SOL/USDT,SELL,81.370000,2555.02,0.62,16.2,5.0,RECOVERY,MIXED,-1,FLAT,UNKNOWN,77.980000,,,0.0417,,,true
2026-02-23 04:00:00,SOL/USDT,SELL,77.390000,2430.05,0.62,10.8,5.0,RECOVERY,MIXED,-1,FLAT,UNKNOWN,77.850000,,,-0.0059,,,true
2026-02-24 04:00:00,SOL/USDT,SELL,76.860000,2413.40,0.62,18.5,8.0,RECOVERY,MIXED,-1,FLAT,UNKNOWN,76.640000,,,0.0029,,,true
2026-02-24 12:00:00,SOL/USDT,SELL,76.590000,2404.93,0.62,28.8,8.0,RECOVERY,MIXED,-1,FLAT,UNKNOWN,76.550000,,,0.0005,,,true
2026-02-24 20:00:00,SOL/USDT,BUY,78.670000,2470.24,0.62,79.1,8.0,RECOVERY,MIXED,1,FLAT,UNKNOWN,78.550000,,,-0.0015,,,true
2026-02-25 00:00:00,SOL/USDT,BUY,79.210000,2487.19,0.62,84.0,11.0,BEAR,MIXED,1,RISING,UNKNOWN,82.000000,,,0.0352,,,true
2026-02-25 04:00:00,SOL/USDT,BUY,81.960000,2573.54,0.62,85.3,11.0,BEAR,MIXED,1,RISING,UNKNOWN,81.300000,,,-0.0081,,,true
2026-02-25 08:00:00,SOL/USDT,BUY,82.480000,2589.87,0.62,78.8,11.0,BEAR,MIXED,1,RISING,UNKNOWN,82.540000,,,0.0007,,,true
2026-02-25 12:00:00,SOL/USDT,BUY,83.680000,2627.55,0.62,80.7,11.0,BEAR,MIXED,1,RISING,UNKNOWN,83.820000,,,0.0017,,,true
2026-02-25 16:00:00,SOL/USDT,BUY,87.550000,2749.07,0.62,82.6,11.0,BEAR,ALT_SEASON,1,RISING,UNKNOWN,88.560000,,,0.0115,,,true
2026-02-26 16:00:00,SOL/USDT,SELL,84.580000,2655.81,0.62,30.2,11.0,BEAR,MIXED,-1,FLAT,UNKNOWN,84.900000,,,-0.0038,,,true
2026-02-27 00:00:00,SOL/USDT,SELL,85.830000,2695.06,0.62,39.2,13.0,BEAR,MIXED,-1,FLAT,UNKNOWN,86.150000,,,-0.0037,,,true
2026-02-27 12:00:00,SOL/USDT,SELL,83.120000,2609.97,0.62,28.8,13.0,BEAR,MIXED,-1,FLAT,UNKNOWN,83.080000,,,0.0005,,,true
2026-02-27 16:00:00,SOL/USDT,SELL,81.370000,2555.02,0.62,19.2,13.0,BEAR,MIXED,-1,FLAT,UNKNOWN,81.840000,,,-0.0058,,,true
2026-02-27 20:00:00,SOL/USDT,SELL,81.450000,2557.53,0.62,13.9,13.0,BEAR,MIXED,-1,FLAT,UNKNOWN,81.200000,,,0.0031,,,true
2026-02-28 08:00:00,SOL/USDT,SELL,78.020000,2449.83,0.62,29.7,11.0,BEAR,MIXED,-1,FLAT,UNKNOWN,78.420000,,,-0.0051,,,true
2026-02-28 20:00:00,SOL/USDT,BUY,84.880000,2665.23,0.62,83.9,11.0,BEAR,MIXED,1,FLAT,UNKNOWN,84.490000,,,-0.0046,,,true
2026-03-01 20:00:00,SOL/USDT,SELL,81.980000,2574.17,0.62,19.1,14.0,BEAR,MIXED,-1,FLAT,UNKNOWN,82.940000,,,-0.0117,,,true
2026-03-02 16:00:00,SOL/USDT,BUY,88.850000,2789.89,0.62,73.5,10.0,BEAR,ALT_SEASON,1,FLAT,UNKNOWN,87.610000,,,-0.0140,,,true
2026-03-03 08:00:00,SOL/USDT,SELL,84.260000,2645.76,0.62,23.1,14.0,BEAR,ALT_SEASON,-1,FLAT,UNKNOWN,84.310000,,,-0.0006,,,true
2026-01-30 00:00:00,XRP/USDT,SELL,1.798400,56.47,0.62,27.0,16.0,RECOVERY,MIXED,-1,FALLING,UNKNOWN,1.756500,,,0.0233,,,true
2026-01-30 08:00:00,XRP/USDT,SELL,1.749600,54.94,0.62,38.7,16.0,RECOVERY,MIXED,-1,FALLING,UNKNOWN,1.740500,,,0.0052,,,true
2026-01-31 08:00:00,XRP/USDT,SELL,1.694900,53.22,0.62,17.4,20.0,RECOVERY,MIXED,-1,FALLING,UNKNOWN,1.700400,,,-0.0032,,,true
2026-01-31 12:00:00,XRP/USDT,SELL,1.690000,53.07,0.62,31.3,20.0,RECOVERY,MIXED,-1,FALLING,UNKNOWN,1.676600,,,0.0079,,,true
2026-01-31 16:00:00,XRP/USDT,SELL,1.610400,50.57,0.62,7.4,20.0,RECOVERY,MIXED,-1,FALLING,UNKNOWN,1.567900,,,0.0264,,,true
2026-02-01 16:00:00,XRP/USDT,SELL,1.592900,50.02,0.62,20.6,14.0,RECOVERY,MIXED,-1,FLAT,UNKNOWN,1.602100,,,-0.0058,,,true
2026-02-02 04:00:00,XRP/USDT,SELL,1.576600,49.51,0.62,35.0,14.0,RECOVERY,MIXED,-1,FALLING,UNKNOWN,1.549700,,,0.0171,,,true
2026-02-02 12:00:00,XRP/USDT,BUY,1.646000,51.68,0.62,62.9,14.0,RECOVERY,MIXED,1,FALLING,UNKNOWN,1.639100,,,-0.0042,,,true
2026-02-03 08:00:00,XRP/USDT,SELL,1.616400,50.75,0.62,40.0,17.0,RECOVERY,MIXED,-1,FLAT,UNKNOWN,1.603600,,,0.0079,,,true
2026-02-04 08:00:00,XRP/USDT,BUY,1.609800,50.55,0.62,69.3,14.0,RECOVERY,MIXED,1,FLAT,UNKNOWN,1.598600,,,-0.0070,,,true
2026-02-04 16:00:00,XRP/USDT,SELL,1.531500,48.09,0.62,29.1,14.0,RECOVERY,MIXED,-1,FLAT,UNKNOWN,1.522300,,,0.0060,,,true
2026-02-05 00:00:00,XRP/USDT,SELL,1.490900,46.81,0.62,19.6,12.0,RECOVERY,MIXED,-1,FALLING,UNKNOWN,1.474800,,,0.0108,,,true
2026-02-05 08:00:00,XRP/USDT,SELL,1.427900,44.84,0.62,17.8,12.0,RECOVERY,MIXED,-1,FALLING,UNKNOWN,1.414000,,,0.0097,,,true
2026-02-05 16:00:00,XRP/USDT,SELL,1.280300,40.20,0.62,6.6,12.0,RECOVERY,MIXED,-1,FALLING,UNKNOWN,1.250300,,,0.0234,,,true
2026-02-05 20:00:00,XRP/USDT,SELL,1.190500,37.38,0.62,7.7,12.0,RECOVERY,MIXED,-1,FALLING,UNKNOWN,1.162500,,,0.0235,,,true
2026-02-06 12:00:00,XRP/USDT,BUY,1.381700,43.39,0.62,76.9,9.0,RECOVERY,MIXED,1,FALLING,UNKNOWN,1.429600,,,0.0347,,,true
2026-02-08 12:00:00,XRP/USDT,BUY,1.456100,45.72,0.62,63.0,7.0,RECOVERY,MIXED,1,FLAT,UNKNOWN,1.461900,,,0.0040,,,true
2026-02-09 08:00:00,XRP/USDT,SELL,1.407300,44.19,0.62,38.4,14.0,RECOVERY,MIXED,-1,RISING,UNKNOWN,1.399000,,,0.0059,,,true
2026-02-10 20:00:00,XRP/USDT,SELL,1.396600,43.85,0.62,38.2,9.0,RECOVERY,MIXED,-1,FLAT,UNKNOWN,1.394100,,,0.0018,,,true
2026-02-11 16:00:00,XRP/USDT,SELL,1.345100,42.24,0.62,23.0,11.0,RECOVERY,MIXED,-1,FLAT,UNKNOWN,1.370100,,,-0.0186,,,true
2026-02-13 16:00:00,XRP/USDT,BUY,1.417000,44.49,0.62,77.8,9.0,RECOVERY,MIXED,1,FLAT,UNKNOWN,1.414900,,,-0.0015,,,true
2026-02-14 08:00:00,XRP/USDT,BUY,1.447100,45.44,0.62,68.8,9.0,BEAR,MIXED,1,RISING,UNKNOWN,1.452000,,,0.0034,,,true
2026-02-14 16:00:00,XRP/USDT,BUY,1.474800,46.31,0.62,76.0,9.0,BEAR,MIXED,1,RISING,UNKNOWN,1.473400,,,-0.0009,,,true
2026-02-15 00:00:00,XRP/USDT,BUY,1.521800,47.78,0.62,82.0,8.0,BEAR,ALT_SEASON,1,FLAT,UNKNOWN,1.528500,,,0.0044,,,true
2026-02-15 04:00:00,XRP/USDT,BUY,1.545900,48.54,0.62,91.3,8.0,BEAR,ALT_SEASON,1,FLAT,UNKNOWN,1.583400,,,0.0243,,,true
2026-02-18 04:00:00,XRP/USDT,BUY,1.480800,46.50,0.62,70.7,8.0,BEAR,ALT_SEASON,1,FALLING,UNKNOWN,1.475900,,,-0.0033,,,true
2026-02-18 20:00:00,XRP/USDT,SELL,1.421900,44.65,0.62,23.0,8.0,BEAR,MIXED,-1,FALLING,UNKNOWN,1.420200,,,0.0012,,,true
2026-02-19 00:00:00,XRP/USDT,SELL,1.417400,44.51,0.62,18.0,9.0,BEAR,MIXED,-1,FLAT,UNKNOWN,1.426800,,,-0.0066,,,true
2026-02-19 16:00:00,XRP/USDT,SELL,1.392200,43.72,0.62,32.2,9.0,BEAR,MIXED,-1,FLAT,UNKNOWN,1.396100,,,-0.0028,,,true
2026-02-21 04:00:00,XRP/USDT,BUY,1.428400,44.85,0.62,66.7,8.0,BEAR,MIXED,1,FLAT,UNKNOWN,1.428000,,,-0.0003,,,true
2026-02-22 04:00:00,XRP/USDT,SELL,1.422700,44.67,0.62,24.8,9.0,BEAR,MIXED,-1,FLAT,UNKNOWN,1.420800,,,0.0013,,,true
2026-02-22 08:00:00,XRP/USDT,SELL,1.417900,44.52,0.62,22.3,9.0,BEAR,MIXED,-1,FLAT,UNKNOWN,1.420700,,,-0.0020,,,true
2026-02-22 12:00:00,XRP/USDT,SELL,1.409100,44.25,0.62,27.1,9.0,BEAR,MIXED,-1,FLAT,UNKNOWN,1.400200,,,0.0063,,,true
2026-02-22 16:00:00,XRP/USDT,SELL,1.392600,43.73,0.62,17.3,9.0,BEAR,MIXED,-1,FLAT,UNKNOWN,1.388200,,,0.0032,,,true
2026-02-22 20:00:00,XRP/USDT,SELL,1.383400,43.44,0.62,14.0,9.0,BEAR,MIXED,-1,FLAT,UNKNOWN,1.391100,,,-0.0056,,,true
2026-02-23 00:00:00,XRP/USDT,SELL,1.364900,42.86,0.62,22.0,5.0,RECOVERY,MIXED,-1,FLAT,UNKNOWN,1.332600,,,0.0237,,,true
2026-02-23 04:00:00,XRP/USDT,SELL,1.339000,42.04,0.62,25.2,5.0,RECOVERY,MIXED,-1,FLAT,UNKNOWN,1.342900,,,-0.0029,,,true
2026-02-24 04:00:00,XRP/USDT,SELL,1.331800,41.82,0.62,16.6,8.0,RECOVERY,MIXED,-1,FLAT,UNKNOWN,1.331700,,,0.0001,,,true
2026-02-25 12:00:00,XRP/USDT,BUY,1.400000,43.96,0.62,69.0,11.0,BEAR,MIXED,1,RISING,UNKNOWN,1.413100,,,0.0094,,,true
2026-02-25 16:00:00,XRP/USDT,BUY,1.448800,45.49,0.62,78.9,11.0,BEAR,MIXED,1,RISING,UNKNOWN,1.466400,,,0.0121,,,true
2026-02-26 16:00:00,XRP/USDT,SELL,1.388800,43.61,0.62,32.1,11.0,BEAR,MIXED,-1,FLAT,UNKNOWN,1.387700,,,0.0008,,,true
2026-02-27 12:00:00,XRP/USDT,SELL,1.377600,43.26,0.62,31.2,13.0,BEAR,MIXED,-1,FLAT,UNKNOWN,1.370800,,,0.0049,,,true
2026-02-27 16:00:00,XRP/USDT,SELL,1.351300,42.43,0.62,17.5,13.0,BEAR,MIXED,-1,FLAT,UNKNOWN,1.358000,,,-0.0050,,,true
2026-02-28 08:00:00,XRP/USDT,SELL,1.286400,40.39,0.62,18.9,11.0,BEAR,MIXED,-1,FLAT,UNKNOWN,1.277900,,,0.0066,,,true
2026-02-28 20:00:00,XRP/USDT,BUY,1.380700,43.35,0.62,73.4,11.0,BEAR,MIXED,1,FLAT,UNKNOWN,1.377700,,,-0.0022,,,true
2026-03-01 16:00:00,XRP/USDT,SELL,1.370200,43.02,0.62,25.2,14.0,BEAR,MIXED,-1,FLAT,UNKNOWN,1.366300,,,0.0028,,,true
2026-03-01 20:00:00,XRP/USDT,SELL,1.341500,42.12,0.62,26.2,14.0,BEAR,MIXED,-1,FLAT,UNKNOWN,1.354200,,,-0.0095,,,true
2026-03-02 16:00:00,XRP/USDT,BUY,1.407400,44.19,0.62,66.9,10.0,BEAR,MIXED,1,FLAT,UNKNOWN,1.395500,,,-0.0085,,,true
2026-03-03 08:00:00,XRP/USDT,SELL,1.349400,42.37,0.62,12.0,14.0,BEAR,MIXED,-1,FLAT,UNKNOWN,1.348300,,,0.0008,,,true
2026-01-30 08:00:00,BNB/USDT,SELL,841.940000,26436.92,0.62,37.9,16.0,RECOVERY,MIXED,-1,FALLING,UNKNOWN,834.560000,,,0.0088,,,true
2026-01-30 20:00:00,BNB/USDT,BUY,859.540000,26989.56,0.62,66.0,16.0,RECOVERY,MIXED,1,FALLING,UNKNOWN,858.960000,,,-0.0007,,,true
2026-01-31 08:00:00,BNB/USDT,SELL,836.190000,26256.37,0.62,29.7,20.0,RECOVERY,MIXED,-1,FALLING,UNKNOWN,839.030000,,,-0.0034,,,true
2026-01-31 12:00:00,BNB/USDT,SELL,833.720000,26178.81,0.62,9.1,20.0,RECOVERY,MIXED,-1,FALLING,UNKNOWN,830.140000,,,0.0043,,,true
2026-01-31 16:00:00,BNB/USDT,SELL,793.230000,24907.42,0.62,4.3,20.0,RECOVERY,MIXED,-1,FALLING,UNKNOWN,781.350000,,,0.0150,,,true
2026-01-31 20:00:00,BNB/USDT,SELL,770.640000,24198.10,0.62,3.3,20.0,RECOVERY,MIXED,-1,FALLING,UNKNOWN,776.190000,,,-0.0072,,,true
2026-02-01 04:00:00,BNB/USDT,SELL,781.930000,24552.60,0.62,27.5,14.0,RECOVERY,MIXED,-1,FLAT,UNKNOWN,780.600000,,,0.0017,,,true
2026-02-03 00:00:00,BNB/USDT,BUY,774.560000,24321.18,0.62,70.7,17.0,RECOVERY,MIXED,1,FLAT,UNKNOWN,773.920000,,,-0.0008,,,true
2026-02-04 16:00:00,BNB/USDT,SELL,729.310000,22900.33,0.62,28.6,14.0,RECOVERY,MIXED,-1,FLAT,UNKNOWN,715.750000,,,0.0186,,,true
2026-02-04 20:00:00,BNB/USDT,SELL,712.720000,22379.41,0.62,15.0,14.0,RECOVERY,MIXED,-1,FLAT,UNKNOWN,702.120000,,,0.0149,,,true
2026-02-05 00:00:00,BNB/USDT,SELL,695.910000,21851.57,0.62,16.3,12.0,RECOVERY,MIXED,-1,FALLING,UNKNOWN,698.520000,,,-0.0038,,,true
2026-02-05 04:00:00,BNB/USDT,SELL,692.800000,21753.92,0.62,21.0,12.0,RECOVERY,MIXED,-1,FALLING,UNKNOWN,692.490000,,,0.0004,,,true
2026-02-05 12:00:00,BNB/USDT,SELL,676.960000,21256.54,0.62,33.9,12.0,RECOVERY,MIXED,-1,FALLING,UNKNOWN,674.510000,,,0.0036,,,true
2026-02-05 20:00:00,BNB/USDT,SELL,617.210000,19380.39,0.62,17.1,12.0,RECOVERY,MIXED,-1,FALLING,UNKNOWN,610.830000,,,0.0103,,,true
2026-02-06 08:00:00,BNB/USDT,SELL,619.610000,19455.75,0.62,37.7,9.0,RECOVERY,MIXED,-1,FALLING,UNKNOWN,629.460000,,,-0.0159,,,true
2026-02-06 16:00:00,BNB/USDT,BUY,659.460000,20707.04,0.62,70.2,9.0,RECOVERY,MIXED,1,FALLING,UNKNOWN,661.950000,,,0.0038,,,true
2026-02-08 16:00:00,BNB/USDT,SELL,634.940000,19937.12,0.62,37.9,7.0,RECOVERY,MIXED,-1,FLAT,UNKNOWN,639.150000,,,-0.0066,,,true
2026-02-09 08:00:00,BNB/USDT,SELL,625.940000,19654.52,0.62,27.4,14.0,RECOVERY,MIXED,-1,RISING,UNKNOWN,625.220000,,,0.0012,,,true
2026-02-10 12:00:00,BNB/USDT,SELL,624.810000,19619.03,0.62,32.9,9.0,RECOVERY,MIXED,-1,FLAT,UNKNOWN,624.950000,,,-0.0002,,,true
2026-02-11 08:00:00,BNB/USDT,SELL,595.880000,18710.63,0.62,25.3,11.0,RECOVERY,MIXED,-1,FLAT,UNKNOWN,593.580000,,,0.0039,,,true
2026-02-11 12:00:00,BNB/USDT,SELL,591.770000,18581.58,0.62,21.1,11.0,RECOVERY,MIXED,-1,FLAT,UNKNOWN,597.910000,,,-0.0104,,,true
2026-02-13 12:00:00,BNB/USDT,SELL,599.060000,18810.48,0.62,31.6,9.0,RECOVERY,MIXED,-1,FLAT,UNKNOWN,598.650000,,,0.0007,,,true
2026-02-13 20:00:00,BNB/USDT,BUY,618.340000,19415.88,0.62,86.1,9.0,RECOVERY,MIXED,1,FLAT,UNKNOWN,621.150000,,,0.0045,,,true
2026-02-14 00:00:00,BNB/USDT,BUY,623.180000,19567.85,0.62,84.0,9.0,BEAR,MIXED,1,RISING,UNKNOWN,624.070000,,,0.0014,,,true
2026-02-14 08:00:00,BNB/USDT,BUY,627.080000,19690.31,0.62,66.3,9.0,BEAR,MIXED,1,RISING,UNKNOWN,628.960000,,,0.0030,,,true
2026-02-15 12:00:00,BNB/USDT,SELL,619.380000,19448.53,0.62,31.1,8.0,BEAR,MIXED,-1,FLAT,UNKNOWN,617.570000,,,0.0029,,,true
2026-02-16 12:00:00,BNB/USDT,BUY,628.120000,19722.97,0.62,67.1,12.0,BEAR,MIXED,1,FLAT,UNKNOWN,616.210000,,,-0.0190,,,true
2026-02-19 00:00:00,BNB/USDT,SELL,602.850000,18929.49,0.62,28.2,9.0,BEAR,MIXED,-1,FLAT,UNKNOWN,606.940000,,,-0.0068,,,true
2026-02-20 04:00:00,BNB/USDT,BUY,608.650000,19111.61,0.62,65.4,7.0,BEAR,MIXED,1,FLAT,UNKNOWN,611.930000,,,0.0054,,,true
2026-02-20 16:00:00,BNB/USDT,BUY,620.000000,19468.00,0.62,69.7,7.0,BEAR,MIXED,1,FLAT,UNKNOWN,623.410000,,,0.0055,,,true
2026-02-20 20:00:00,BNB/USDT,BUY,628.840000,19745.58,0.62,71.3,7.0,BEAR,MIXED,1,FLAT,UNKNOWN,627.000000,,,-0.0029,,,true
2026-02-21 04:00:00,BNB/USDT,BUY,627.190000,19693.77,0.62,76.3,8.0,BEAR,MIXED,1,FLAT,UNKNOWN,627.200000,,,0.0000,,,true
2026-02-21 12:00:00,BNB/USDT,BUY,630.620000,19801.47,0.62,60.6,8.0,BEAR,MIXED,1,FLAT,UNKNOWN,633.520000,,,0.0046,,,true
2026-02-22 00:00:00,BNB/USDT,SELL,624.330000,19603.96,0.62,37.3,9.0,BEAR,MIXED,-1,FLAT,UNKNOWN,626.370000,,,-0.0033,,,true
2026-02-22 04:00:00,BNB/USDT,SELL,621.030000,19500.34,0.62,26.1,9.0,BEAR,MIXED,-1,FLAT,UNKNOWN,619.510000,,,0.0024,,,true
2026-02-22 12:00:00,BNB/USDT,SELL,620.820000,19493.75,0.62,38.1,9.0,BEAR,MIXED,-1,FLAT,UNKNOWN,619.490000,,,0.0021,,,true
2026-02-22 16:00:00,BNB/USDT,SELL,613.810000,19273.63,0.62,27.5,9.0,BEAR,MIXED,-1,FLAT,UNKNOWN,611.030000,,,0.0045,,,true
2026-02-22 20:00:00,BNB/USDT,SELL,611.280000,19194.19,0.62,24.3,9.0,BEAR,MIXED,-1,FLAT,UNKNOWN,614.020000,,,-0.0045,,,true
2026-02-23 00:00:00,BNB/USDT,SELL,606.220000,19035.31,0.62,22.1,5.0,RECOVERY,MIXED,-1,FLAT,UNKNOWN,586.320000,,,0.0328,,,true
2026-02-23 04:00:00,BNB/USDT,SELL,587.310000,18441.53,0.62,19.2,5.0,RECOVERY,MIXED,-1,FLAT,UNKNOWN,593.760000,,,-0.0110,,,true
2026-02-24 04:00:00,BNB/USDT,SELL,592.190000,18594.77,0.62,29.0,8.0,RECOVERY,MIXED,-1,FLAT,UNKNOWN,590.750000,,,0.0024,,,true
2026-02-24 12:00:00,BNB/USDT,SELL,586.090000,18403.23,0.62,34.1,8.0,RECOVERY,MIXED,-1,FLAT,UNKNOWN,582.720000,,,0.0057,,,true
2026-02-25 04:00:00,BNB/USDT,BUY,595.440000,18696.82,0.62,68.4,11.0,BEAR,MIXED,1,RISING,UNKNOWN,592.480000,,,-0.0050,,,true
2026-02-25 08:00:00,BNB/USDT,BUY,600.310000,18849.73,0.62,65.7,11.0,BEAR,MIXED,1,RISING,UNKNOWN,603.080000,,,0.0046,,,true
2026-02-25 12:00:00,BNB/USDT,BUY,610.980000,19184.77,0.62,78.7,11.0,BEAR,MIXED,1,RISING,UNKNOWN,614.180000,,,0.0052,,,true
2026-02-25 16:00:00,BNB/USDT,BUY,625.520000,19641.33,0.62,82.5,11.0,BEAR,MIXED,1,RISING,UNKNOWN,629.040000,,,0.0056,,,true
2026-02-26 04:00:00,BNB/USDT,BUY,630.520000,19798.33,0.62,69.6,11.0,BEAR,MIXED,1,FLAT,UNKNOWN,628.520000,,,-0.0032,,,true
2026-02-26 16:00:00,BNB/USDT,SELL,614.730000,19302.52,0.62,30.2,11.0,BEAR,MIXED,-1,FLAT,UNKNOWN,616.690000,,,-0.0032,,,true
2026-02-27 12:00:00,BNB/USDT,SELL,614.620000,19299.07,0.62,29.5,13.0,BEAR,MIXED,-1,FLAT,UNKNOWN,614.240000,,,0.0006,,,true
2026-02-27 16:00:00,BNB/USDT,SELL,610.000000,19154.00,0.62,20.1,13.0,BEAR,MIXED,-1,FLAT,UNKNOWN,612.280000,,,-0.0037,,,true
2026-02-28 08:00:00,BNB/USDT,SELL,591.420000,18570.59,0.62,28.2,11.0,BEAR,MIXED,-1,FLAT,UNKNOWN,591.620000,,,-0.0003,,,true
2026-02-28 20:00:00,BNB/USDT,BUY,618.150000,19409.91,0.62,79.3,11.0,BEAR,MIXED,1,FLAT,UNKNOWN,616.190000,,,-0.0032,,,true
2026-03-01 00:00:00,BNB/USDT,BUY,617.960000,19403.94,0.62,83.8,14.0,BEAR,MIXED,1,FLAT,UNKNOWN,625.070000,,,0.0115,,,true
2026-03-01 04:00:00,BNB/USDT,BUY,629.740000,19773.84,0.62,88.7,14.0,BEAR,MIXED,1,FLAT,UNKNOWN,627.750000,,,-0.0032,,,true
2026-03-01 20:00:00,BNB/USDT,SELL,612.530000,19233.44,0.62,34.6,14.0,BEAR,MIXED,-1,FLAT,UNKNOWN,611.930000,,,0.0010,,,true
2026-03-02 16:00:00,BNB/USDT,BUY,649.130000,20382.68,0.62,78.9,10.0,BEAR,ALT_SEASON,1,FLAT,UNKNOWN,644.440000,,,-0.0072,,,true
2026-03-03 00:00:00,BNB/USDT,BUY,640.680000,20117.35,0.62,67.5,14.0,BEAR,ALT_SEASON,1,FLAT,UNKNOWN,635.730000,,,-0.0077,,,true
2026-03-03 08:00:00,BNB/USDT,SELL,623.900000,19590.46,0.62,26.8,14.0,BEAR,ALT_SEASON,-1,FLAT,UNKNOWN,622.580000,,,0.0021,,,true
2026-01-31 04:00:00,ADA/USDT,SELL,0.315700,9.91,0.62,28.4,20.0,RECOVERY,MIXED,-1,FALLING,UNKNOWN,0.315900,,,-0.0006,,,true
2026-01-31 08:00:00,ADA/USDT,SELL,0.310300,9.74,0.62,14.0,20.0,RECOVERY,MIXED,-1,FALLING,UNKNOWN,0.311100,,,-0.0026,,,true
2026-01-31 12:00:00,ADA/USDT,SELL,0.309900,9.73,0.62,16.0,20.0,RECOVERY,MIXED,-1,FALLING,UNKNOWN,0.308100,,,0.0058,,,true
2026-01-31 16:00:00,ADA/USDT,SELL,0.292500,9.18,0.62,6.7,20.0,RECOVERY,MIXED,-1,FALLING,UNKNOWN,0.284300,,,0.0280,,,true
2026-02-01 16:00:00,ADA/USDT,SELL,0.287800,9.04,0.62,32.6,14.0,RECOVERY,MIXED,-1,FLAT,UNKNOWN,0.287200,,,0.0021,,,true
2026-02-02 04:00:00,ADA/USDT,SELL,0.285000,8.95,0.62,37.1,14.0,RECOVERY,MIXED,-1,FALLING,UNKNOWN,0.279600,,,0.0189,,,true
2026-02-02 12:00:00,ADA/USDT,BUY,0.295900,9.29,0.62,60.7,14.0,RECOVERY,MIXED,1,FALLING,UNKNOWN,0.296700,,,0.0027,,,true
2026-02-04 08:00:00,ADA/USDT,BUY,0.302200,9.49,0.62,69.5,14.0,RECOVERY,MIXED,1,FLAT,UNKNOWN,0.300100,,,-0.0069,,,true
2026-02-04 16:00:00,ADA/USDT,SELL,0.285800,8.97,0.62,35.0,14.0,RECOVERY,MIXED,-1,FLAT,UNKNOWN,0.285700,,,0.0003,,,true
2026-02-05 12:00:00,ADA/USDT,SELL,0.272000,8.54,0.62,24.2,12.0,RECOVERY,MIXED,-1,FALLING,UNKNOWN,0.270000,,,0.0074,,,true
2026-02-05 20:00:00,ADA/USDT,SELL,0.247700,7.78,0.62,15.4,12.0,RECOVERY,MIXED,-1,FALLING,UNKNOWN,0.247200,,,0.0020,,,true
2026-02-06 00:00:00,ADA/USDT,SELL,0.243900,7.66,0.62,17.5,9.0,RECOVERY,MIXED,-1,FALLING,UNKNOWN,0.252000,,,-0.0332,,,true
2026-02-06 12:00:00,ADA/USDT,BUY,0.262500,8.24,0.62,63.1,9.0,RECOVERY,MIXED,1,FALLING,UNKNOWN,0.264600,,,0.0080,,,true
2026-02-06 16:00:00,ADA/USDT,BUY,0.278400,8.74,0.62,84.4,9.0,RECOVERY,MIXED,1,FALLING,UNKNOWN,0.280700,,,0.0083,,,true
2026-02-07 20:00:00,ADA/USDT,BUY,0.275600,8.65,0.62,61.3,6.0,RECOVERY,MIXED,1,FALLING,UNKNOWN,0.273200,,,-0.0087,,,true
2026-02-09 08:00:00,ADA/USDT,SELL,0.266500,8.37,0.62,34.3,14.0,RECOVERY,MIXED,-1,RISING,UNKNOWN,0.264200,,,0.0086,,,true
2026-02-10 12:00:00,ADA/USDT,SELL,0.262500,8.24,0.62,28.6,9.0,RECOVERY,MIXED,-1,FLAT,UNKNOWN,0.263400,,,-0.0034,,,true
2026-02-11 04:00:00,ADA/USDT,SELL,0.258800,8.13,0.62,36.1,11.0,RECOVERY,MIXED,-1,FLAT,UNKNOWN,0.257700,,,0.0043,,,true
2026-02-11 08:00:00,ADA/USDT,SELL,0.255300,8.02,0.62,27.2,11.0,RECOVERY,MIXED,-1,FLAT,UNKNOWN,0.254000,,,0.0051,,,true
2026-02-11 12:00:00,ADA/USDT,SELL,0.254500,7.99,0.62,25.8,11.0,RECOVERY,MIXED,-1,FLAT,UNKNOWN,0.256500,,,-0.0079,,,true
2026-02-11 16:00:00,ADA/USDT,SELL,0.251700,7.90,0.62,22.3,11.0,RECOVERY,MIXED,-1,FLAT,UNKNOWN,0.255300,,,-0.0143,,,true
2026-02-13 16:00:00,ADA/USDT,BUY,0.273200,8.58,0.62,72.6,9.0,RECOVERY,MIXED,1,FLAT,UNKNOWN,0.271900,,,-0.0048,,,true
2026-02-13 20:00:00,ADA/USDT,BUY,0.273500,8.59,0.62,84.5,9.0,RECOVERY,MIXED,1,FLAT,UNKNOWN,0.273900,,,0.0015,,,true
2026-02-14 00:00:00,ADA/USDT,BUY,0.274400,8.62,0.62,80.7,9.0,BEAR,MIXED,1,RISING,UNKNOWN,0.275700,,,0.0047,,,true
2026-02-14 08:00:00,ADA/USDT,BUY,0.278800,8.75,0.62,72.5,9.0,BEAR,MIXED,1,RISING,UNKNOWN,0.278400,,,-0.0014,,,true
2026-02-14 16:00:00,ADA/USDT,BUY,0.289600,9.09,0.62,77.9,9.0,BEAR,ALT_SEASON,1,RISING,UNKNOWN,0.289400,,,-0.0007,,,true
2026-02-15 04:00:00,ADA/USDT,BUY,0.297500,9.34,0.62,72.7,8.0,BEAR,ALT_SEASON,1,FLAT,UNKNOWN,0.298300,,,0.0027,,,true
2026-02-16 12:00:00,ADA/USDT,BUY,0.287100,9.01,0.62,60.3,12.0,BEAR,ALT_SEASON,1,FLAT,UNKNOWN,0.281100,,,-0.0209,,,true
2026-02-19 00:00:00,ADA/USDT,SELL,0.272600,8.56,0.62,24.9,9.0,BEAR,ALT_SEASON,-1,FLAT,UNKNOWN,0.275100,,,-0.0092,,,true
2026-02-19 16:00:00,ADA/USDT,SELL,0.269500,8.46,0.62,32.0,9.0,BEAR,MIXED,-1,FLAT,UNKNOWN,0.269400,,,0.0004,,,true
2026-02-20 12:00:00,ADA/USDT,BUY,0.277000,8.70,0.62,66.9,7.0,BEAR,ALT_SEASON,1,FLAT,UNKNOWN,0.271800,,,-0.0188,,,true
2026-02-21 04:00:00,ADA/USDT,BUY,0.283400,8.90,0.62,62.5,8.0,BEAR,MIXED,1,FLAT,UNKNOWN,0.283400,,,0.0000,,,true
2026-02-21 12:00:00,ADA/USDT,SELL,0.282800,8.88,0.62,37.3,8.0,BEAR,MIXED,-1,FLAT,UNKNOWN,0.283400,,,-0.0021,,,true
2026-02-21 16:00:00,ADA/USDT,SELL,0.280600,8.81,0.62,34.3,8.0,BEAR,MIXED,-1,FLAT,UNKNOWN,0.281000,,,-0.0014,,,true
2026-02-21 20:00:00,ADA/USDT,SELL,0.279300,8.77,0.62,40.0,8.0,BEAR,MIXED,-1,FLAT,UNKNOWN,0.281000,,,-0.0061,,,true
2026-02-22 00:00:00,ADA/USDT,SELL,0.278700,8.75,0.62,28.9,9.0,BEAR,MIXED,-1,FLAT,UNKNOWN,0.279300,,,-0.0022,,,true
2026-02-22 04:00:00,ADA/USDT,SELL,0.276500,8.68,0.62,26.8,9.0,BEAR,MIXED,-1,FLAT,UNKNOWN,0.275800,,,0.0025,,,true
2026-02-22 08:00:00,ADA/USDT,SELL,0.275400,8.65,0.62,25.4,9.0,BEAR,MIXED,-1,FLAT,UNKNOWN,0.276400,,,-0.0036,,,true
2026-02-22 12:00:00,ADA/USDT,SELL,0.273300,8.58,0.62,21.5,9.0,BEAR,MIXED,-1,FLAT,UNKNOWN,0.272800,,,0.0018,,,true
2026-02-22 16:00:00,ADA/USDT,SELL,0.271200,8.52,0.62,20.4,9.0,BEAR,MIXED,-1,FLAT,UNKNOWN,0.270400,,,0.0029,,,true
2026-02-22 20:00:00,ADA/USDT,SELL,0.269300,8.46,0.62,10.8,9.0,BEAR,MIXED,-1,FLAT,UNKNOWN,0.270400,,,-0.0041,,,true
2026-02-23 00:00:00,ADA/USDT,SELL,0.268400,8.43,0.62,19.0,5.0,RECOVERY,MIXED,-1,FLAT,UNKNOWN,0.258500,,,0.0369,,,true
2026-02-23 04:00:00,ADA/USDT,SELL,0.260900,8.19,0.62,23.7,5.0,RECOVERY,MIXED,-1,FLAT,UNKNOWN,0.261800,,,-0.0034,,,true
2026-02-24 04:00:00,ADA/USDT,SELL,0.258100,8.10,0.62,18.5,8.0,RECOVERY,MIXED,-1,FLAT,UNKNOWN,0.257200,,,0.0035,,,true
2026-02-24 12:00:00,ADA/USDT,SELL,0.256500,8.05,0.62,26.1,8.0,RECOVERY,MIXED,-1,FLAT,UNKNOWN,0.256200,,,0.0012,,,true
2026-02-25 08:00:00,ADA/USDT,BUY,0.268700,8.44,0.62,66.4,11.0,BEAR,MIXED,1,RISING,UNKNOWN,0.270100,,,0.0052,,,true
2026-02-25 12:00:00,ADA/USDT,BUY,0.276700,8.69,0.62,79.7,11.0,BEAR,MIXED,1,RISING,UNKNOWN,0.278600,,,0.0069,,,true
2026-02-25 16:00:00,ADA/USDT,BUY,0.295100,9.27,0.62,85.8,11.0,BEAR,ALT_SEASON,1,RISING,UNKNOWN,0.296200,,,0.0037,,,true
2026-02-25 20:00:00,ADA/USDT,BUY,0.307300,9.65,0.62,99.1,11.0,BEAR,ALT_SEASON,1,RISING,UNKNOWN,0.309400,,,0.0068,,,true
2026-02-26 04:00:00,ADA/USDT,BUY,0.297400,9.34,0.62,62.6,11.0,BEAR,ALT_SEASON,1,FLAT,UNKNOWN,0.295200,,,-0.0074,,,true
2026-02-26 16:00:00,ADA/USDT,SELL,0.284100,8.92,0.62,28.3,11.0,BEAR,ALT_SEASON,-1,FLAT,UNKNOWN,0.283600,,,0.0018,,,true
2026-02-27 16:00:00,ADA/USDT,SELL,0.277500,8.71,0.62,35.8,13.0,BEAR,MIXED,-1,FLAT,UNKNOWN,0.277900,,,-0.0014,,,true
2026-02-28 04:00:00,ADA/USDT,SELL,0.276700,8.69,0.62,34.8,11.0,BEAR,MIXED,-1,FLAT,UNKNOWN,0.275700,,,0.0036,,,true
2026-02-28 08:00:00,ADA/USDT,SELL,0.261000,8.20,0.62,24.1,11.0,BEAR,MIXED,-1,FLAT,UNKNOWN,0.261100,,,-0.0004,,,true
2026-02-28 20:00:00,ADA/USDT,BUY,0.280700,8.81,0.62,75.9,11.0,BEAR,MIXED,1,FLAT,UNKNOWN,0.278200,,,-0.0089,,,true
2026-03-01 20:00:00,ADA/USDT,SELL,0.269900,8.47,0.62,25.7,14.0,BEAR,MIXED,-1,FLAT,UNKNOWN,0.272900,,,-0.0111,,,true
2026-03-02 16:00:00,ADA/USDT,BUY,0.284500,8.93,0.62,66.7,10.0,BEAR,ALT_SEASON,1,FLAT,UNKNOWN,0.282000,,,-0.0088,,,true
2026-03-03 04:00:00,ADA/USDT,SELL,0.271400,8.52,0.62,37.4,14.0,BEAR,ALT_SEASON,-1,FLAT,UNKNOWN,0.270800,,,0.0022,,,true
2026-03-03 08:00:00,ADA/USDT,SELL,0.265900,8.35,0.62,6.5,14.0,BEAR,MIXED,-1,FLAT,UNKNOWN,0.264900,,,0.0038,,,true
2026-03-03 20:00:00,ADA/USDT,SELL,0.261700,8.22,0.62,30.6,14.0,BEAR,MIXED,-1,FLAT,UNKNOWN,0.262000,,,-0.0011,,,true
2026-01-31 08:00:00,DOGE/USDT,SELL,0.111620,3.50,0.62,11.4,20.0,RECOVERY,MIXED,-1,FALLING,UNKNOWN,0.112060,,,-0.0039,,,true
2026-01-31 12:00:00,DOGE/USDT,SELL,0.111330,3.50,0.62,10.7,20.0,RECOVERY,MIXED,-1,FALLING,UNKNOWN,0.110870,,,0.0041,,,true
2026-01-31 16:00:00,DOGE/USDT,SELL,0.105320,3.31,0.62,4.0,20.0,RECOVERY,MIXED,-1,FALLING,UNKNOWN,0.102130,,,0.0303,,,true
2026-01-31 20:00:00,DOGE/USDT,SELL,0.101760,3.20,0.62,5.4,20.0,RECOVERY,MIXED,-1,FALLING,UNKNOWN,0.102730,,,-0.0095,,,true
2026-02-03 00:00:00,DOGE/USDT,BUY,0.108210,3.40,0.62,68.4,17.0,RECOVERY,MIXED,1,FLAT,UNKNOWN,0.107870,,,-0.0031,,,true
2026-02-04 08:00:00,DOGE/USDT,BUY,0.108540,3.41,0.62,68.7,14.0,RECOVERY,MIXED,1,FLAT,UNKNOWN,0.107830,,,-0.0065,,,true
2026-02-04 16:00:00,DOGE/USDT,SELL,0.103230,3.24,0.62,28.7,14.0,RECOVERY,MIXED,-1,FLAT,UNKNOWN,0.102900,,,0.0032,,,true
2026-02-05 00:00:00,DOGE/USDT,SELL,0.103580,3.25,0.62,31.4,12.0,RECOVERY,MIXED,-1,FALLING,UNKNOWN,0.103600,,,-0.0002,,,true
2026-02-05 04:00:00,DOGE/USDT,SELL,0.102250,3.21,0.62,39.4,12.0,RECOVERY,MIXED,-1,FALLING,UNKNOWN,0.102340,,,-0.0009,,,true
2026-02-05 12:00:00,DOGE/USDT,SELL,0.098520,3.09,0.62,23.0,12.0,RECOVERY,MIXED,-1,FALLING,UNKNOWN,0.098290,,,0.0023,,,true
2026-02-05 20:00:00,DOGE/USDT,SELL,0.089080,2.80,0.62,9.8,12.0,RECOVERY,MIXED,-1,FALLING,UNKNOWN,0.088390,,,0.0077,,,true
2026-02-06 00:00:00,DOGE/USDT,SELL,0.087620,2.75,0.62,12.9,9.0,RECOVERY,MIXED,-1,FALLING,UNKNOWN,0.090800,,,-0.0363,,,true
2026-02-06 16:00:00,DOGE/USDT,BUY,0.099160,3.11,0.62,82.4,9.0,RECOVERY,MIXED,1,FALLING,UNKNOWN,0.100200,,,0.0105,,,true
2026-02-07 20:00:00,DOGE/USDT,BUY,0.098710,3.10,0.62,64.0,6.0,RECOVERY,MIXED,1,FALLING,UNKNOWN,0.098350,,,-0.0036,,,true
2026-02-08 16:00:00,DOGE/USDT,SELL,0.095550,3.00,0.62,39.0,7.0,RECOVERY,MIXED,-1,FLAT,UNKNOWN,0.096430,,,-0.0092,,,true
2026-02-09 08:00:00,DOGE/USDT,SELL,0.094310,2.96,0.62,28.4,14.0,RECOVERY,MIXED,-1,RISING,UNKNOWN,0.093960,,,0.0037,,,true
2026-02-11 08:00:00,DOGE/USDT,SELL,0.090510,2.84,0.62,23.7,11.0,RECOVERY,MIXED,-1,FLAT,UNKNOWN,0.090090,,,0.0046,,,true
2026-02-11 12:00:00,DOGE/USDT,SELL,0.090060,2.83,0.62,23.0,11.0,RECOVERY,MIXED,-1,FLAT,UNKNOWN,0.090130,,,-0.0008,,,true
2026-02-11 16:00:00,DOGE/USDT,SELL,0.088930,2.79,0.62,13.5,11.0,RECOVERY,MIXED,-1,FLAT,UNKNOWN,0.090120,,,-0.0134,,,true
2026-02-12 00:00:00,DOGE/USDT,BUY,0.091570,2.88,0.62,64.4,5.0,RECOVERY,MIXED,1,FALLING,UNKNOWN,0.091550,,,-0.0002,,,true
2026-02-12 20:00:00,DOGE/USDT,SELL,0.090970,2.86,0.62,38.1,5.0,RECOVERY,MIXED,-1,FALLING,UNKNOWN,0.091610,,,-0.0070,,,true
2026-02-13 08:00:00,DOGE/USDT,BUY,0.093880,2.95,0.62,67.5,9.0,RECOVERY,MIXED,1,FLAT,UNKNOWN,0.093650,,,-0.0024,,,true
2026-02-13 16:00:00,DOGE/USDT,BUY,0.096420,3.03,0.62,75.5,9.0,RECOVERY,MIXED,1,FLAT,UNKNOWN,0.096300,,,-0.0012,,,true
2026-02-13 20:00:00,DOGE/USDT,BUY,0.096840,3.04,0.62,83.3,9.0,RECOVERY,MIXED,1,FLAT,UNKNOWN,0.097060,,,0.0023,,,true
2026-02-14 08:00:00,DOGE/USDT,BUY,0.097670,3.07,0.62,66.3,9.0,BEAR,MIXED,1,RISING,UNKNOWN,0.098230,,,0.0057,,,true
2026-02-14 16:00:00,DOGE/USDT,BUY,0.104910,3.29,0.62,87.7,9.0,BEAR,ALT_SEASON,1,RISING,UNKNOWN,0.105580,,,0.0064,,,true
2026-02-14 20:00:00,DOGE/USDT,BUY,0.109290,3.43,0.62,92.7,9.0,BEAR,ALT_SEASON,1,RISING,UNKNOWN,0.110850,,,0.0143,,,true
2026-02-15 00:00:00,DOGE/USDT,BUY,0.111850,3.51,0.62,87.1,8.0,BEAR,ALT_SEASON,1,FLAT,UNKNOWN,0.113360,,,0.0135,,,true
2026-02-15 04:00:00,DOGE/USDT,BUY,0.115990,3.64,0.62,91.1,8.0,BEAR,ALT_SEASON,1,FLAT,UNKNOWN,0.115940,,,-0.0004,,,true
2026-02-15 16:00:00,DOGE/USDT,SELL,0.107310,3.37,0.62,30.2,8.0,BEAR,ALT_SEASON,-1,FLAT,UNKNOWN,0.105020,,,0.0213,,,true
2026-02-16 00:00:00,DOGE/USDT,SELL,0.102470,3.22,0.62,11.6,12.0,BEAR,ALT_SEASON,-1,FLAT,UNKNOWN,0.102380,,,0.0009,,,true
2026-02-17 08:00:00,DOGE/USDT,SELL,0.099140,3.11,0.62,39.7,10.0,BEAR,ALT_SEASON,-1,FLAT,UNKNOWN,0.099330,,,-0.0019,,,true
2026-02-18 20:00:00,DOGE/USDT,SELL,0.098480,3.09,0.62,31.1,8.0,BEAR,ALT_SEASON,-1,FALLING,UNKNOWN,0.098430,,,0.0005,,,true
2026-02-19 00:00:00,DOGE/USDT,SELL,0.098180,3.08,0.62,28.7,9.0,BEAR,ALT_SEASON,-1,FLAT,UNKNOWN,0.098850,,,-0.0068,,,true
2026-02-19 08:00:00,DOGE/USDT,SELL,0.097450,3.06,0.62,37.1,9.0,BEAR,ALT_SEASON,-1,FLAT,UNKNOWN,0.097470,,,-0.0002,,,true
2026-02-19 16:00:00,DOGE/USDT,SELL,0.096800,3.04,0.62,37.6,9.0,BEAR,ALT_SEASON,-1,FLAT,UNKNOWN,0.096820,,,-0.0002,,,true
2026-02-20 16:00:00,DOGE/USDT,BUY,0.101190,3.18,0.62,60.7,7.0,BEAR,MIXED,1,FLAT,UNKNOWN,0.101330,,,0.0014,,,true
2026-02-21 20:00:00,DOGE/USDT,SELL,0.098870,3.10,0.62,35.8,8.0,BEAR,MIXED,-1,FLAT,UNKNOWN,0.099380,,,-0.0052,,,true
2026-02-22 00:00:00,DOGE/USDT,SELL,0.097900,3.07,0.62,27.2,9.0,BEAR,MIXED,-1,FLAT,UNKNOWN,0.098150,,,-0.0026,,,true
2026-02-22 04:00:00,DOGE/USDT,SELL,0.097400,3.06,0.62,22.8,9.0,BEAR,MIXED,-1,FLAT,UNKNOWN,0.097030,,,0.0038,,,true
2026-02-22 08:00:00,DOGE/USDT,SELL,0.097150,3.05,0.62,23.3,9.0,BEAR,MIXED,-1,FLAT,UNKNOWN,0.097310,,,-0.0016,,,true
2026-02-22 12:00:00,DOGE/USDT,SELL,0.096600,3.03,0.62,20.6,9.0,BEAR,MIXED,-1,FLAT,UNKNOWN,0.096140,,,0.0048,,,true
2026-02-22 20:00:00,DOGE/USDT,SELL,0.094790,2.98,0.62,17.5,9.0,BEAR,MIXED,-1,FLAT,UNKNOWN,0.095400,,,-0.0064,,,true
2026-02-23 00:00:00,DOGE/USDT,SELL,0.094470,2.97,0.62,23.7,5.0,RECOVERY,MIXED,-1,FLAT,UNKNOWN,0.092100,,,0.0251,,,true
2026-02-23 04:00:00,DOGE/USDT,SELL,0.092490,2.90,0.62,27.0,5.0,RECOVERY,MIXED,-1,FLAT,UNKNOWN,0.092790,,,-0.0032,,,true
2026-02-24 04:00:00,DOGE/USDT,SELL,0.091450,2.87,0.62,14.8,8.0,RECOVERY,MIXED,-1,FLAT,UNKNOWN,0.091270,,,0.0020,,,true
2026-02-24 12:00:00,DOGE/USDT,SELL,0.091130,2.86,0.62,28.8,8.0,RECOVERY,MIXED,-1,FLAT,UNKNOWN,0.090830,,,0.0033,,,true
2026-02-25 12:00:00,DOGE/USDT,BUY,0.095760,3.01,0.62,70.4,11.0,BEAR,MIXED,1,RISING,UNKNOWN,0.097000,,,0.0129,,,true
2026-02-25 16:00:00,DOGE/USDT,BUY,0.102670,3.22,0.62,87.2,11.0,BEAR,MIXED,1,RISING,UNKNOWN,0.102830,,,0.0016,,,true
2026-02-26 16:00:00,DOGE/USDT,SELL,0.095740,3.01,0.62,20.2,11.0,BEAR,MIXED,-1,FLAT,UNKNOWN,0.095820,,,-0.0008,,,true
2026-02-27 16:00:00,DOGE/USDT,SELL,0.093650,2.94,0.62,26.1,13.0,BEAR,MIXED,-1,FLAT,UNKNOWN,0.093730,,,-0.0009,,,true
2026-02-28 04:00:00,DOGE/USDT,SELL,0.093110,2.92,0.62,36.9,11.0,BEAR,MIXED,-1,FLAT,UNKNOWN,0.092600,,,0.0055,,,true
2026-02-28 08:00:00,DOGE/USDT,SELL,0.088620,2.78,0.62,20.4,11.0,BEAR,MIXED,-1,FLAT,UNKNOWN,0.088410,,,0.0024,,,true
2026-02-28 20:00:00,DOGE/USDT,BUY,0.094310,2.96,0.62,78.5,11.0,BEAR,MIXED,1,FLAT,UNKNOWN,0.093860,,,-0.0048,,,true
2026-03-01 04:00:00,DOGE/USDT,BUY,0.096250,3.02,0.62,83.1,14.0,BEAR,MIXED,1,FLAT,UNKNOWN,0.095930,,,-0.0033,,,true
2026-03-01 16:00:00,DOGE/USDT,SELL,0.092910,2.92,0.62,23.4,14.0,BEAR,MIXED,-1,FLAT,UNKNOWN,0.092320,,,0.0064,,,true
2026-03-01 20:00:00,DOGE/USDT,SELL,0.090900,2.85,0.62,26.2,14.0,BEAR,MIXED,-1,FLAT,UNKNOWN,0.091990,,,-0.0120,,,true
2026-03-02 16:00:00,DOGE/USDT,BUY,0.096240,3.02,0.62,69.0,10.0,BEAR,MIXED,1,FLAT,UNKNOWN,0.095430,,,-0.0084,,,true
2026-03-03 04:00:00,DOGE/USDT,SELL,0.091750,2.88,0.62,39.4,14.0,BEAR,MIXED,-1,FLAT,UNKNOWN,0.091680,,,0.0008,,,true
2026-03-03 08:00:00,DOGE/USDT,SELL,0.089950,2.82,0.62,10.1,14.0,BEAR,MIXED,-1,FLAT,UNKNOWN,0.089670,,,0.0031,,,true
2026-03-03 20:00:00,DOGE/USDT,SELL,0.089130,2.80,0.62,32.3,14.0,BEAR,MIXED,-1,FLAT,UNKNOWN,0.089380,,,-0.0028,,,true
2026-01-31 04:00:00,AVAX/USDT,SELL,10.820000,339.75,0.62,36.2,20.0,RECOVERY,MIXED,-1,FALLING,UNKNOWN,10.820000,,,-0.0000,,,true
2026-01-31 08:00:00,AVAX/USDT,SELL,10.570000,331.90,0.62,14.8,20.0,RECOVERY,MIXED,-1,FALLING,UNKNOWN,10.600000,,,-0.0028,,,true
2026-01-31 12:00:00,AVAX/USDT,SELL,10.550000,331.27,0.62,14.3,20.0,RECOVERY,MIXED,-1,FALLING,UNKNOWN,10.480000,,,0.0066,,,true
2026-01-31 16:00:00,AVAX/USDT,SELL,10.080000,316.51,0.62,10.2,20.0,RECOVERY,MIXED,-1,FALLING,UNKNOWN,9.780000,,,0.0298,,,true
2026-02-01 08:00:00,AVAX/USDT,SELL,10.170000,319.34,0.75,83.9,14.0,RECOVERY,MIXED,0,FLAT,UNKNOWN,10.190000,,,-0.0020,,,true
2026-02-03 00:00:00,AVAX/USDT,BUY,10.150000,318.71,0.62,65.5,17.0,RECOVERY,MIXED,1,FLAT,UNKNOWN,10.130000,,,-0.0020,,,true
2026-02-04 16:00:00,AVAX/USDT,SELL,9.700000,304.58,0.62,27.8,14.0,RECOVERY,MIXED,-1,FLAT,UNKNOWN,9.700000,,,-0.0000,,,true
2026-02-05 04:00:00,AVAX/USDT,SELL,9.580000,300.81,0.62,40.0,12.0,RECOVERY,MIXED,-1,FALLING,UNKNOWN,9.560000,,,0.0021,,,true
2026-02-05 12:00:00,AVAX/USDT,SELL,9.250000,290.45,0.62,22.2,12.0,RECOVERY,MIXED,-1,FALLING,UNKNOWN,9.230000,,,0.0022,,,true
2026-02-05 20:00:00,AVAX/USDT,SELL,8.370000,262.82,0.62,16.6,12.0,RECOVERY,MIXED,-1,FALLING,UNKNOWN,8.370000,,,-0.0000,,,true
2026-02-06 00:00:00,AVAX/USDT,SELL,8.220000,258.11,0.62,14.4,9.0,RECOVERY,MIXED,-1,FALLING,UNKNOWN,8.460000,,,-0.0292,,,true
2026-02-06 08:00:00,AVAX/USDT,SELL,8.390000,263.45,0.62,35.3,9.0,RECOVERY,MIXED,-1,FALLING,UNKNOWN,8.600000,,,-0.0250,,,true
2026-02-06 16:00:00,AVAX/USDT,BUY,9.260000,290.76,0.62,81.3,9.0,RECOVERY,MIXED,1,FALLING,UNKNOWN,9.350000,,,0.0097,,,true
2026-02-07 20:00:00,AVAX/USDT,BUY,9.320000,292.65,0.62,60.2,6.0,RECOVERY,MIXED,1,FALLING,UNKNOWN,9.250000,,,-0.0075,,,true
2026-02-09 08:00:00,AVAX/USDT,SELL,8.930000,280.40,0.62,31.7,14.0,RECOVERY,MIXED,-1,RISING,UNKNOWN,8.870000,,,0.0067,,,true
2026-02-10 12:00:00,AVAX/USDT,SELL,8.770000,275.38,0.62,28.9,9.0,RECOVERY,MIXED,-1,FLAT,UNKNOWN,8.810000,,,-0.0046,,,true
2026-02-10 16:00:00,AVAX/USDT,SELL,8.780000,275.69,0.62,32.4,9.0,RECOVERY,MIXED,-1,FLAT,UNKNOWN,8.820000,,,-0.0046,,,true
2026-02-11 08:00:00,AVAX/USDT,SELL,8.550000,268.47,0.62,36.7,11.0,RECOVERY,MIXED,-1,FLAT,UNKNOWN,8.530000,,,0.0023,,,true
2026-02-13 08:00:00,AVAX/USDT,BUY,8.900000,279.46,0.62,64.3,9.0,RECOVERY,ALT_SEASON,1,FLAT,UNKNOWN,8.880000,,,-0.0022,,,true
2026-02-13 16:00:00,AVAX/USDT,BUY,9.190000,288.57,0.62,76.7,9.0,RECOVERY,MIXED,1,FLAT,UNKNOWN,9.170000,,,-0.0022,,,true
2026-02-13 20:00:00,AVAX/USDT,BUY,9.200000,288.88,0.62,85.5,9.0,RECOVERY,MIXED,1,FLAT,UNKNOWN,9.220000,,,0.0022,,,true
2026-02-14 08:00:00,AVAX/USDT,BUY,9.260000,290.76,0.62,61.1,9.0,BEAR,MIXED,1,RISING,UNKNOWN,9.260000,,,0.0000,,,true
2026-02-14 16:00:00,AVAX/USDT,BUY,9.430000,296.10,0.62,73.1,9.0,BEAR,MIXED,1,RISING,UNKNOWN,9.470000,,,0.0042,,,true
2026-02-15 04:00:00,AVAX/USDT,BUY,9.610000,301.75,0.62,74.0,8.0,BEAR,MIXED,1,FLAT,UNKNOWN,9.690000,,,0.0083,,,true
2026-02-18 20:00:00,AVAX/USDT,SELL,8.870000,278.52,0.62,33.9,8.0,BEAR,MIXED,-1,FALLING,UNKNOWN,8.850000,,,0.0023,,,true
2026-02-19 00:00:00,AVAX/USDT,SELL,8.840000,277.58,0.62,26.4,9.0,BEAR,MIXED,-1,FLAT,UNKNOWN,8.910000,,,-0.0079,,,true
2026-02-19 08:00:00,AVAX/USDT,SELL,8.830000,277.26,0.62,34.4,9.0,BEAR,MIXED,-1,FLAT,UNKNOWN,8.840000,,,-0.0011,,,true
2026-02-20 00:00:00,AVAX/USDT,BUY,8.940000,280.72,0.62,61.2,7.0,BEAR,MIXED,1,FLAT,UNKNOWN,8.940000,,,0.0000,,,true
2026-02-20 08:00:00,AVAX/USDT,BUY,9.220000,289.51,0.62,94.6,7.0,BEAR,MIXED,1,FLAT,UNKNOWN,9.280000,,,0.0065,,,true
2026-02-21 04:00:00,AVAX/USDT,BUY,9.170000,287.94,0.62,69.4,8.0,BEAR,MIXED,1,FLAT,UNKNOWN,9.200000,,,0.0033,,,true
2026-02-21 08:00:00,AVAX/USDT,BUY,9.210000,289.19,0.62,61.3,8.0,BEAR,MIXED,1,FLAT,UNKNOWN,9.240000,,,0.0033,,,true
2026-02-21 12:00:00,AVAX/USDT,BUY,9.290000,291.71,0.62,68.4,8.0,BEAR,MIXED,1,FLAT,UNKNOWN,9.350000,,,0.0065,,,true
2026-02-22 00:00:00,AVAX/USDT,SELL,9.070000,284.80,0.62,32.8,9.0,BEAR,MIXED,-1,FLAT,UNKNOWN,9.090000,,,-0.0022,,,true
2026-02-22 04:00:00,AVAX/USDT,SELL,9.040000,283.86,0.62,24.6,9.0,BEAR,MIXED,-1,FLAT,UNKNOWN,9.010000,,,0.0033,,,true
2026-02-22 08:00:00,AVAX/USDT,SELL,8.990000,282.29,0.62,18.4,9.0,BEAR,MIXED,-1,FLAT,UNKNOWN,9.000000,,,-0.0011,,,true
2026-02-22 12:00:00,AVAX/USDT,SELL,8.930000,280.40,0.62,22.0,9.0,BEAR,MIXED,-1,FLAT,UNKNOWN,8.910000,,,0.0022,,,true
2026-02-22 20:00:00,AVAX/USDT,SELL,8.800000,276.32,0.62,21.6,9.0,BEAR,MIXED,-1,FLAT,UNKNOWN,8.820000,,,-0.0023,,,true
2026-02-23 04:00:00,AVAX/USDT,SELL,8.360000,262.50,0.62,18.5,5.0,RECOVERY,MIXED,-1,FLAT,UNKNOWN,8.430000,,,-0.0084,,,true
2026-02-23 20:00:00,AVAX/USDT,SELL,8.350000,262.19,0.62,34.7,5.0,RECOVERY,MIXED,-1,FLAT,UNKNOWN,8.410000,,,-0.0072,,,true
2026-02-24 04:00:00,AVAX/USDT,SELL,8.280000,259.99,0.62,21.9,8.0,RECOVERY,MIXED,-1,FLAT,UNKNOWN,8.250000,,,0.0036,,,true
2026-02-25 04:00:00,AVAX/USDT,BUY,8.540000,268.16,0.62,65.7,11.0,BEAR,MIXED,1,RISING,UNKNOWN,8.480000,,,-0.0070,,,true
2026-02-25 08:00:00,AVAX/USDT,BUY,8.630000,270.98,0.62,64.2,11.0,BEAR,MIXED,1,RISING,UNKNOWN,8.740000,,,0.0127,,,true
2026-02-25 12:00:00,AVAX/USDT,BUY,9.300000,292.02,0.62,85.6,11.0,BEAR,MIXED,1,RISING,UNKNOWN,9.390000,,,0.0097,,,true
2026-02-25 16:00:00,AVAX/USDT,BUY,9.800000,307.72,0.62,88.2,11.0,BEAR,ALT_SEASON,1,RISING,UNKNOWN,9.660000,,,-0.0143,,,true
2026-02-26 16:00:00,AVAX/USDT,SELL,9.120000,286.37,0.62,28.0,11.0,BEAR,MIXED,-1,FLAT,UNKNOWN,9.130000,,,-0.0011,,,true
2026-02-27 12:00:00,AVAX/USDT,SELL,9.030000,283.54,0.62,24.1,13.0,BEAR,MIXED,-1,FLAT,UNKNOWN,9.010000,,,0.0022,,,true
2026-02-27 16:00:00,AVAX/USDT,SELL,8.910000,279.77,0.62,18.6,13.0,BEAR,MIXED,-1,FLAT,UNKNOWN,8.950000,,,-0.0045,,,true
2026-02-28 08:00:00,AVAX/USDT,SELL,8.490000,266.59,0.62,22.5,11.0,BEAR,MIXED,-1,FLAT,UNKNOWN,8.480000,,,0.0012,,,true
2026-02-28 20:00:00,AVAX/USDT,BUY,9.150000,287.31,0.62,75.6,11.0,BEAR,MIXED,1,FLAT,UNKNOWN,9.130000,,,-0.0022,,,true
2026-03-01 16:00:00,AVAX/USDT,SELL,9.020000,283.23,0.62,23.8,14.0,BEAR,MIXED,-1,FLAT,UNKNOWN,9.010000,,,0.0011,,,true
2026-03-01 20:00:00,AVAX/USDT,SELL,8.870000,278.52,0.62,26.2,14.0,BEAR,MIXED,-1,FLAT,UNKNOWN,8.950000,,,-0.0090,,,true
2026-03-02 16:00:00,AVAX/USDT,BUY,9.370000,294.22,0.62,68.6,10.0,BEAR,ALT_SEASON,1,FLAT,UNKNOWN,9.280000,,,-0.0096,,,true
2026-03-03 08:00:00,AVAX/USDT,SELL,9.000000,282.60,0.62,25.5,14.0,BEAR,ALT_SEASON,-1,FLAT,UNKNOWN,9.000000,,,-0.0000,,,true
2026-01-30 12:00:00,LINK/USDT,SELL,10.740000,337.24,0.62,30.5,16.0,RECOVERY,MIXED,-1,FALLING,UNKNOWN,10.670000,,,0.0065,,,true
2026-01-31 08:00:00,LINK/USDT,SELL,10.470000,328.76,0.62,17.6,20.0,RECOVERY,MIXED,-1,FALLING,UNKNOWN,10.510000,,,-0.0038,,,true
2026-01-31 12:00:00,LINK/USDT,SELL,10.440000,327.82,0.62,20.3,20.0,RECOVERY,MIXED,-1,FALLING,UNKNOWN,10.360000,,,0.0077,,,true
2026-01-31 16:00:00,LINK/USDT,SELL,9.950000,312.43,0.62,8.0,20.0,RECOVERY,MIXED,-1,FALLING,UNKNOWN,9.600000,,,0.0352,,,true
2026-02-01 16:00:00,LINK/USDT,SELL,9.490000,297.99,0.62,15.9,14.0,RECOVERY,MIXED,-1,FLAT,UNKNOWN,9.500000,,,-0.0011,,,true
2026-02-02 04:00:00,LINK/USDT,SELL,9.340000,293.28,0.62,33.0,14.0,RECOVERY,MIXED,-1,FALLING,UNKNOWN,9.200000,,,0.0150,,,true
2026-02-03 00:00:00,LINK/USDT,BUY,9.830000,308.66,0.62,68.4,17.0,RECOVERY,MIXED,1,FLAT,UNKNOWN,9.810000,,,-0.0020,,,true
2026-02-03 08:00:00,LINK/USDT,SELL,9.670000,303.64,0.62,38.6,17.0,RECOVERY,MIXED,-1,FLAT,UNKNOWN,9.600000,,,0.0072,,,true
2026-02-04 08:00:00,LINK/USDT,BUY,9.710000,304.89,0.62,70.1,14.0,RECOVERY,MIXED,1,FLAT,UNKNOWN,9.630000,,,-0.0082,,,true
2026-02-04 16:00:00,LINK/USDT,SELL,9.170000,287.94,0.62,25.3,14.0,RECOVERY,MIXED,-1,FLAT,UNKNOWN,9.190000,,,-0.0022,,,true
2026-02-05 00:00:00,LINK/USDT,SELL,9.240000,290.14,0.62,32.4,12.0,RECOVERY,MIXED,-1,FALLING,UNKNOWN,9.240000,,,-0.0000,,,true
2026-02-05 12:00:00,LINK/USDT,SELL,8.920000,280.09,0.62,32.4,12.0,RECOVERY,MIXED,-1,FALLING,UNKNOWN,8.860000,,,0.0067,,,true
2026-02-05 20:00:00,LINK/USDT,SELL,7.990000,250.89,0.62,18.8,12.0,RECOVERY,MIXED,-1,FALLING,UNKNOWN,7.970000,,,0.0025,,,true
2026-02-06 00:00:00,LINK/USDT,SELL,7.910000,248.37,0.62,14.8,9.0,RECOVERY,MIXED,-1,FALLING,UNKNOWN,8.170000,,,-0.0329,,,true
2026-02-06 08:00:00,LINK/USDT,SELL,8.040000,252.46,0.62,39.2,9.0,RECOVERY,MIXED,-1,FALLING,UNKNOWN,8.220000,,,-0.0224,,,true
2026-02-06 16:00:00,LINK/USDT,BUY,8.810000,276.63,0.62,77.7,9.0,RECOVERY,MIXED,1,FALLING,UNKNOWN,8.890000,,,0.0091,,,true
2026-02-06 20:00:00,LINK/USDT,BUY,8.860000,278.20,0.62,81.4,9.0,RECOVERY,MIXED,1,FALLING,UNKNOWN,8.860000,,,0.0000,,,true
2026-02-07 20:00:00,LINK/USDT,BUY,9.010000,282.91,0.62,61.7,6.0,RECOVERY,MIXED,1,FALLING,UNKNOWN,8.960000,,,-0.0055,,,true
2026-02-09 08:00:00,LINK/USDT,SELL,8.660000,271.92,0.62,34.7,14.0,RECOVERY,MIXED,-1,RISING,UNKNOWN,8.600000,,,0.0069,,,true
2026-02-10 12:00:00,LINK/USDT,SELL,8.500000,266.90,0.62,21.2,9.0,RECOVERY,MIXED,-1,FLAT,UNKNOWN,8.580000,,,-0.0094,,,true
2026-02-11 04:00:00,LINK/USDT,SELL,8.410000,264.07,0.62,38.0,11.0,RECOVERY,MIXED,-1,FLAT,UNKNOWN,8.370000,,,0.0048,,,true
2026-02-11 08:00:00,LINK/USDT,SELL,8.290000,260.31,0.62,25.0,11.0,RECOVERY,MIXED,-1,FLAT,UNKNOWN,8.260000,,,0.0036,,,true
2026-02-11 16:00:00,LINK/USDT,SELL,8.170000,256.54,0.62,21.5,11.0,RECOVERY,MIXED,-1,FLAT,UNKNOWN,8.230000,,,-0.0073,,,true
2026-02-12 00:00:00,LINK/USDT,BUY,8.390000,263.45,0.62,63.5,5.0,RECOVERY,MIXED,1,FALLING,UNKNOWN,8.390000,,,0.0000,,,true
2026-02-13 08:00:00,LINK/USDT,BUY,8.460000,265.64,0.62,66.1,9.0,RECOVERY,ALT_SEASON,1,FLAT,UNKNOWN,8.460000,,,0.0000,,,true
2026-02-13 16:00:00,LINK/USDT,BUY,8.860000,278.20,0.62,82.9,9.0,RECOVERY,MIXED,1,FLAT,UNKNOWN,8.820000,,,-0.0045,,,true
2026-02-14 08:00:00,LINK/USDT,BUY,8.970000,281.66,0.62,71.4,9.0,BEAR,MIXED,1,RISING,UNKNOWN,8.970000,,,0.0000,,,true
2026-02-14 16:00:00,LINK/USDT,BUY,9.070000,284.80,0.62,70.7,9.0,BEAR,MIXED,1,RISING,UNKNOWN,9.050000,,,-0.0022,,,true
2026-02-16 12:00:00,LINK/USDT,BUY,8.920000,280.09,0.62,60.3,12.0,BEAR,MIXED,1,FLAT,UNKNOWN,8.770000,,,-0.0168,,,true
2026-02-17 12:00:00,LINK/USDT,SELL,8.760000,275.06,0.62,33.3,10.0,BEAR,MIXED,-1,FLAT,UNKNOWN,8.860000,,,-0.0114,,,true
2026-02-18 20:00:00,LINK/USDT,SELL,8.560000,268.78,0.62,26.6,8.0,BEAR,MIXED,-1,FALLING,UNKNOWN,8.570000,,,-0.0012,,,true
2026-02-20 08:00:00,LINK/USDT,BUY,8.680000,272.55,0.62,72.7,7.0,BEAR,MIXED,1,FLAT,UNKNOWN,8.690000,,,0.0012,,,true
2026-02-20 16:00:00,LINK/USDT,BUY,8.920000,280.09,0.62,71.4,7.0,BEAR,MIXED,1,FLAT,UNKNOWN,8.850000,,,-0.0078,,,true
2026-02-22 04:00:00,LINK/USDT,SELL,8.840000,277.58,0.62,37.5,9.0,BEAR,MIXED,-1,FLAT,UNKNOWN,8.840000,,,-0.0000,,,true
2026-02-22 08:00:00,LINK/USDT,SELL,8.800000,276.32,0.62,27.5,9.0,BEAR,MIXED,-1,FLAT,UNKNOWN,8.810000,,,-0.0011,,,true
2026-02-22 12:00:00,LINK/USDT,SELL,8.760000,275.06,0.62,33.3,9.0,BEAR,MIXED,-1,FLAT,UNKNOWN,8.730000,,,0.0034,,,true
2026-02-22 16:00:00,LINK/USDT,SELL,8.700000,273.18,0.62,27.6,9.0,BEAR,MIXED,-1,FLAT,UNKNOWN,8.640000,,,0.0069,,,true
2026-02-22 20:00:00,LINK/USDT,SELL,8.610000,270.35,0.62,16.2,9.0,BEAR,MIXED,-1,FLAT,UNKNOWN,8.670000,,,-0.0070,,,true
2026-02-23 00:00:00,LINK/USDT,SELL,8.560000,268.78,0.62,23.5,5.0,RECOVERY,MIXED,-1,FLAT,UNKNOWN,8.210000,,,0.0409,,,true
2026-02-23 04:00:00,LINK/USDT,SELL,8.220000,258.11,0.62,18.7,5.0,RECOVERY,MIXED,-1,FLAT,UNKNOWN,8.230000,,,-0.0012,,,true
2026-02-24 04:00:00,LINK/USDT,SELL,8.180000,256.85,0.62,27.4,8.0,RECOVERY,MIXED,-1,FLAT,UNKNOWN,8.180000,,,-0.0000,,,true
2026-02-24 12:00:00,LINK/USDT,SELL,8.140000,255.60,0.62,31.8,8.0,RECOVERY,MIXED,-1,FLAT,UNKNOWN,8.100000,,,0.0049,,,true
2026-02-25 08:00:00,LINK/USDT,BUY,8.520000,267.53,0.62,66.7,11.0,BEAR,MIXED,1,RISING,UNKNOWN,8.580000,,,0.0070,,,true
2026-02-25 12:00:00,LINK/USDT,BUY,8.810000,276.63,0.62,78.6,11.0,BEAR,MIXED,1,RISING,UNKNOWN,8.890000,,,0.0091,,,true
2026-02-25 16:00:00,LINK/USDT,BUY,9.450000,296.73,0.62,84.7,11.0,BEAR,ALT_SEASON,1,RISING,UNKNOWN,9.480000,,,0.0032,,,true
2026-02-26 16:00:00,LINK/USDT,SELL,8.890000,279.15,0.62,30.3,11.0,BEAR,ALT_SEASON,-1,FLAT,UNKNOWN,8.880000,,,0.0011,,,true
2026-02-27 00:00:00,LINK/USDT,SELL,9.040000,283.86,0.62,39.1,13.0,BEAR,MIXED,-1,FLAT,UNKNOWN,9.080000,,,-0.0044,,,true
2026-02-27 12:00:00,LINK/USDT,SELL,8.820000,276.95,0.62,26.2,13.0,BEAR,MIXED,-1,FLAT,UNKNOWN,8.840000,,,-0.0023,,,true
2026-02-27 16:00:00,LINK/USDT,SELL,8.720000,273.81,0.62,24.0,13.0,BEAR,MIXED,-1,FLAT,UNKNOWN,8.750000,,,-0.0034,,,true
2026-02-28 08:00:00,LINK/USDT,SELL,8.270000,259.68,0.62,24.1,11.0,BEAR,MIXED,-1,FLAT,UNKNOWN,8.270000,,,-0.0000,,,true
2026-02-28 20:00:00,LINK/USDT,BUY,8.840000,277.58,0.62,78.6,11.0,BEAR,MIXED,1,FLAT,UNKNOWN,8.800000,,,-0.0045,,,true
2026-03-01 20:00:00,LINK/USDT,SELL,8.560000,268.78,0.62,23.7,14.0,BEAR,MIXED,-1,FLAT,UNKNOWN,8.620000,,,-0.0070,,,true
2026-03-02 16:00:00,LINK/USDT,BUY,9.140000,287.00,0.62,70.7,10.0,BEAR,ALT_SEASON,1,FLAT,UNKNOWN,9.070000,,,-0.0077,,,true
2026-03-03 08:00:00,LINK/USDT,SELL,8.650000,271.61,0.62,18.6,14.0,BEAR,ALT_SEASON,-1,FLAT,UNKNOWN,8.640000,,,0.0012,,,true
2026-01-31 08:00:00,LTC/USDT,SELL,63.040000,1979.46,0.62,16.7,20.0,RECOVERY,MIXED,-1,FALLING,UNKNOWN,63.220000,,,-0.0029,,,true
2026-01-31 12:00:00,LTC/USDT,SELL,62.740000,1970.04,0.62,8.4,20.0,RECOVERY,MIXED,-1,FALLING,UNKNOWN,62.330000,,,0.0065,,,true
2026-01-31 16:00:00,LTC/USDT,SELL,60.010000,1884.31,0.62,5.0,20.0,RECOVERY,MIXED,-1,FALLING,UNKNOWN,58.210000,,,0.0300,,,true
2026-02-01 16:00:00,LTC/USDT,SELL,58.380000,1833.13,0.62,31.1,14.0,RECOVERY,MIXED,-1,FLAT,UNKNOWN,58.670000,,,-0.0050,,,true
2026-02-02 04:00:00,LTC/USDT,SELL,57.980000,1820.57,0.62,38.1,14.0,RECOVERY,MIXED,-1,FALLING,UNKNOWN,57.200000,,,0.0135,,,true
2026-02-03 00:00:00,LTC/USDT,BUY,60.120000,1887.77,0.62,61.8,17.0,RECOVERY,MIXED,1,FLAT,UNKNOWN,59.960000,,,-0.0027,,,true
2026-02-04 08:00:00,LTC/USDT,BUY,60.830000,1910.06,0.62,72.4,14.0,RECOVERY,MIXED,1,FLAT,UNKNOWN,60.430000,,,-0.0066,,,true
2026-02-04 16:00:00,LTC/USDT,SELL,57.910000,1818.37,0.62,27.9,14.0,RECOVERY,MIXED,-1,FLAT,UNKNOWN,57.780000,,,0.0022,,,true
2026-02-05 12:00:00,LTC/USDT,SELL,55.940000,1756.52,0.62,26.3,12.0,RECOVERY,MIXED,-1,FALLING,UNKNOWN,55.730000,,,0.0038,,,true
2026-02-05 20:00:00,LTC/USDT,SELL,50.830000,1596.06,0.62,16.6,12.0,RECOVERY,MIXED,-1,FALLING,UNKNOWN,51.000000,,,-0.0033,,,true
2026-02-06 00:00:00,LTC/USDT,SELL,49.700000,1560.58,0.62,17.6,9.0,RECOVERY,MIXED,-1,FALLING,UNKNOWN,50.920000,,,-0.0245,,,true
2026-02-06 08:00:00,LTC/USDT,SELL,50.840000,1596.38,0.62,38.4,9.0,RECOVERY,MIXED,-1,FALLING,UNKNOWN,51.760000,,,-0.0181,,,true
2026-02-06 16:00:00,LTC/USDT,BUY,55.300000,1736.42,0.62,82.2,9.0,RECOVERY,MIXED,1,FALLING,UNKNOWN,55.610000,,,0.0056,,,true
2026-02-07 20:00:00,LTC/USDT,BUY,55.830000,1753.06,0.62,70.9,6.0,RECOVERY,MIXED,1,FALLING,UNKNOWN,55.510000,,,-0.0057,,,true
2026-02-08 04:00:00,LTC/USDT,BUY,55.400000,1739.56,0.62,68.6,7.0,RECOVERY,MIXED,1,FLAT,UNKNOWN,55.230000,,,-0.0031,,,true
2026-02-08 16:00:00,LTC/USDT,SELL,53.880000,1691.83,0.62,35.9,7.0,RECOVERY,MIXED,-1,FLAT,UNKNOWN,54.430000,,,-0.0102,,,true
2026-02-09 08:00:00,LTC/USDT,SELL,53.440000,1678.02,0.62,33.7,14.0,RECOVERY,MIXED,-1,RISING,UNKNOWN,53.260000,,,0.0034,,,true
2026-02-10 12:00:00,LTC/USDT,SELL,52.930000,1662.00,0.62,25.1,9.0,RECOVERY,MIXED,-1,FLAT,UNKNOWN,53.370000,,,-0.0083,,,true
2026-02-11 04:00:00,LTC/USDT,SELL,52.630000,1652.58,0.62,39.1,11.0,RECOVERY,MIXED,-1,FLAT,UNKNOWN,52.510000,,,0.0023,,,true
2026-02-11 08:00:00,LTC/USDT,SELL,51.990000,1632.49,0.62,26.1,11.0,RECOVERY,MIXED,-1,FLAT,UNKNOWN,52.090000,,,-0.0019,,,true
2026-02-12 00:00:00,LTC/USDT,BUY,52.710000,1655.09,0.62,60.8,5.0,RECOVERY,MIXED,1,FALLING,UNKNOWN,52.850000,,,0.0027,,,true
2026-02-13 08:00:00,LTC/USDT,BUY,53.360000,1675.50,0.62,67.9,9.0,RECOVERY,MIXED,1,FLAT,UNKNOWN,53.270000,,,-0.0017,,,true
2026-02-13 16:00:00,LTC/USDT,BUY,55.130000,1731.08,0.62,79.2,9.0,RECOVERY,MIXED,1,FLAT,UNKNOWN,54.820000,,,-0.0056,,,true
2026-02-13 20:00:00,LTC/USDT,BUY,55.370000,1738.62,0.62,86.7,9.0,RECOVERY,MIXED,1,FLAT,UNKNOWN,55.580000,,,0.0038,,,true
2026-02-14 08:00:00,LTC/USDT,BUY,55.650000,1747.41,0.62,62.8,9.0,BEAR,MIXED,1,RISING,UNKNOWN,55.640000,,,-0.0002,,,true
2026-02-14 16:00:00,LTC/USDT,BUY,56.470000,1773.16,0.62,68.3,9.0,BEAR,MIXED,1,RISING,UNKNOWN,55.970000,,,-0.0089,,,true
2026-02-15 12:00:00,LTC/USDT,SELL,54.800000,1720.72,0.62,33.3,8.0,BEAR,MIXED,-1,FLAT,UNKNOWN,54.440000,,,0.0066,,,true
2026-02-17 04:00:00,LTC/USDT,BUY,55.280000,1735.79,0.62,61.4,10.0,BEAR,MIXED,1,FLAT,UNKNOWN,55.080000,,,-0.0036,,,true
2026-02-18 00:00:00,LTC/USDT,SELL,53.880000,1691.83,0.62,36.9,8.0,BEAR,MIXED,-1,FALLING,UNKNOWN,53.880000,,,-0.0000,,,true
2026-02-18 20:00:00,LTC/USDT,SELL,53.130000,1668.28,0.62,30.4,8.0,BEAR,MIXED,-1,FALLING,UNKNOWN,53.160000,,,-0.0006,,,true
2026-02-19 08:00:00,LTC/USDT,SELL,52.810000,1658.23,0.62,37.9,9.0,BEAR,MIXED,-1,FLAT,UNKNOWN,52.820000,,,-0.0002,,,true
2026-02-19 12:00:00,LTC/USDT,SELL,52.370000,1644.42,0.62,32.9,9.0,BEAR,MIXED,-1,FLAT,UNKNOWN,51.920000,,,0.0086,,,true
2026-02-20 08:00:00,LTC/USDT,BUY,53.630000,1683.98,0.62,83.0,7.0,BEAR,MIXED,1,FLAT,UNKNOWN,54.060000,,,0.0080,,,true
2026-02-20 16:00:00,LTC/USDT,BUY,55.190000,1732.97,0.62,74.4,7.0,BEAR,MIXED,1,FLAT,UNKNOWN,55.240000,,,0.0009,,,true
2026-02-22 12:00:00,LTC/USDT,SELL,54.080000,1698.11,0.62,29.2,9.0,BEAR,MIXED,-1,FLAT,UNKNOWN,53.570000,,,0.0094,,,true
2026-02-22 20:00:00,LTC/USDT,SELL,53.100000,1667.34,0.62,25.3,9.0,BEAR,MIXED,-1,FLAT,UNKNOWN,53.380000,,,-0.0053,,,true
2026-02-23 00:00:00,LTC/USDT,SELL,53.010000,1664.51,0.62,24.0,5.0,RECOVERY,MIXED,-1,FLAT,UNKNOWN,51.030000,,,0.0374,,,true
2026-02-23 04:00:00,LTC/USDT,SELL,51.090000,1604.23,0.62,25.4,5.0,RECOVERY,MIXED,-1,FLAT,UNKNOWN,51.410000,,,-0.0063,,,true
2026-02-24 04:00:00,LTC/USDT,SELL,50.780000,1594.49,0.62,24.7,8.0,RECOVERY,MIXED,-1,FLAT,UNKNOWN,50.310000,,,0.0093,,,true
2026-02-24 12:00:00,LTC/USDT,SELL,50.660000,1590.72,0.62,36.1,8.0,RECOVERY,MIXED,-1,FLAT,UNKNOWN,50.630000,,,0.0006,,,true
2026-02-25 04:00:00,LTC/USDT,BUY,52.690000,1654.47,0.62,73.4,11.0,BEAR,MIXED,1,RISING,UNKNOWN,52.300000,,,-0.0074,,,true
2026-02-25 08:00:00,LTC/USDT,BUY,52.810000,1658.23,0.62,65.9,11.0,BEAR,MIXED,1,RISING,UNKNOWN,53.040000,,,0.0044,,,true
2026-02-25 12:00:00,LTC/USDT,BUY,54.440000,1709.42,0.62,82.2,11.0,BEAR,MIXED,1,RISING,UNKNOWN,55.130000,,,0.0127,,,true
2026-02-25 16:00:00,LTC/USDT,BUY,58.160000,1826.22,0.62,89.3,11.0,BEAR,ALT_SEASON,1,RISING,UNKNOWN,58.370000,,,0.0036,,,true
2026-02-26 16:00:00,LTC/USDT,SELL,54.540000,1712.56,0.62,25.7,11.0,BEAR,ALT_SEASON,-1,FLAT,UNKNOWN,54.640000,,,-0.0018,,,true
2026-02-27 16:00:00,LTC/USDT,SELL,54.250000,1703.45,0.62,26.2,13.0,BEAR,MIXED,-1,FLAT,UNKNOWN,54.400000,,,-0.0028,,,true
2026-02-27 20:00:00,LTC/USDT,SELL,54.100000,1698.74,0.62,20.5,13.0,BEAR,MIXED,-1,FLAT,UNKNOWN,54.060000,,,0.0007,,,true
2026-02-28 08:00:00,LTC/USDT,SELL,51.810000,1626.83,0.62,25.4,11.0,BEAR,MIXED,-1,FLAT,UNKNOWN,51.770000,,,0.0008,,,true
2026-03-01 04:00:00,LTC/USDT,BUY,54.910000,1724.17,0.62,74.6,14.0,BEAR,MIXED,1,FLAT,UNKNOWN,54.840000,,,-0.0013,,,true
2026-03-01 16:00:00,LTC/USDT,SELL,53.680000,1685.55,0.62,26.5,14.0,BEAR,MIXED,-1,FLAT,UNKNOWN,53.450000,,,0.0043,,,true
2026-03-01 20:00:00,LTC/USDT,SELL,52.640000,1652.90,0.62,27.0,14.0,BEAR,MIXED,-1,FLAT,UNKNOWN,53.040000,,,-0.0076,,,true
2026-03-02 16:00:00,LTC/USDT,BUY,55.050000,1728.57,0.62,66.5,10.0,BEAR,ALT_SEASON,1,FLAT,UNKNOWN,54.640000,,,-0.0074,,,true
2026-03-03 08:00:00,LTC/USDT,SELL,53.540000,1681.16,0.62,29.0,14.0,BEAR,MIXED,-1,FLAT,UNKNOWN,53.160000,,,0.0071,,,true
